transaction_id,customer_id,transaction_date,merchant_category,amount,fraud_flag
1.0,337.0,2025-01-24,FUEL,139.08,0.0
2.0,315.0,2025-09-05,ELECTRONICS,122.53,0.0
3.0,210.0,2025-01-10,GROCERY,198.3,0.0
4.0,251.0,2025-01-09,TRAVEL,45.83,0.0
5.0,87.0,2025-10-23,ONLINE,193.14,0.0
6.0,11.0,2025-04-14,GROCERY,305.17,0.0
7.0,395.0,2025-11-27,FUEL,305.96,0.0
8.0,249.0,2025-08-05,ONLINE,261.99,0.0
9.0,436.0,2025-07-11,ONLINE,104.96,0.0
10.0,61.0,2025-05-30,TRAVEL,-63.15,0.0
11.0,196.0,2025-05-16,RESTAURANT,92.57,0.0
12.0,129.0,2025-03-24,GROCERY,208.14,0.0
13.0,421.0,2025-09-14,FUEL,160.33,0.0
14.0,189.0,2025-08-10,ONLINE,414.0,0.0
15.0,318.0,2025-01-09,ONLINE,68.46,0.0
16.0,43.0,2025-04-29,FUEL,319.14,0.0
17.0,264.0,2025-11-25,ONLINE,98.31,0.0
18.0,221.0,2025-06-29,RESTAURANT,43.82,0.0
19.0,306.0,2025-04-04,FUEL,129.99,0.0
20.0,293.0,2025-03-25,ELECTRONICS,157.44,0.0
21.0,54.0,2025-03-11,ELECTRONICS,245.82,0.0
22.0,26.0,2025-11-11,ONLINE,68.23,0.0
23.0,63.0,2025-04-24,RESTAURANT,129.96,0.0
24.0,109.0,2025-04-19,GROCERY,106.36,0.0
25.0,364.0,2025-01-24,RESTAURANT,79.49,0.0
26.0,135.0,2025-11-21,FUEL,297.61,0.0
27.0,485.0,2025-05-23,FUEL,159.06,0.0
28.0,44.0,2025-09-15,GROCERY,10.14,0.0
29.0,254.0,2025-09-18,ONLINE,131.52,0.0
30.0,358.0,2025-05-08,FUEL,23.12,0.0
31.0,28.0,2025-07-01,FUEL,122.08,0.0
32.0,258.0,2025-02-06,ELECTRONICS,27.53,0.0
33.0,35.0,2025-09-01,GROCERY,159.58,0.0
34.0,395.0,2025-09-03,RESTAURANT,22.74,0.0
35.0,234.0,2025-03-20,GROCERY,46.11,0.0
36.0,433.0,2025-03-13,FUEL,185.66,0.0
37.0,329.0,2025-05-26,ONLINE,104.97,0.0
38.0,159.0,2025-09-10,RESTAURANT,30.19,0.0
39.0,78.0,2025-07-09,FUEL,285.16,0.0
40.0,80.0,2025-01-23,ELECTRONICS,75.71,0.0
41.0,17.0,2025-07-28,TRAVEL,86.26,0.0
42.0,151.0,2025-09-16,FUEL,92.54,0.0
43.0,365.0,2025-03-10,ELECTRONICS,168.98,0.0
44.0,178.0,2025-06-12,GROCERY,80.52,0.0
45.0,74.0,2025-10-22,FUEL,95.42,0.0
46.0,41.0,2025-04-29,GROCERY,229.77,0.0
47.0,220.0,2025-02-02,FUEL,210.58,0.0
48.0,105.0,2025-12-04,FUEL,90.92,0.0
49.0,368.0,2025-02-05,ELECTRONICS,93.4,0.0
50.0,169.0,2025-01-23,ONLINE,5.65,0.0
51.0,63.0,2025-04-02,TRAVEL,120.47,0.0
52.0,137.0,2025-10-02,FUEL,190.56,0.0
53.0,222.0,2025-08-27,TRAVEL,77.12,0.0
54.0,19.0,2025-03-27,GROCERY,257.07,0.0
55.0,56.0,2025-01-29,GROCERY,20.03,0.0
56.0,481.0,2025-12-15,ELECTRONICS,49.04,0.0
57.0,174.0,2025-01-03,RESTAURANT,243.48,0.0
58.0,375.0,2025-12-04,GROCERY,185.34,0.0
59.0,457.0,2025-06-22,GROCERY,18.67,0.0
60.0,57.0,2025-03-12,GROCERY,23.01,0.0
61.0,344.0,2025-05-07,FUEL,161.35,0.0
62.0,417.0,2025-04-24,GROCERY,138.3,0.0
63.0,12.0,2025-02-27,FUEL,85.13,0.0
64.0,156.0,2025-06-07,ONLINE,251.13,0.0
65.0,68.0,2025-08-28,TRAVEL,60.35,0.0
66.0,16.0,2025-06-22,ELECTRONICS,10.91,0.0
67.0,147.0,2025-08-23,RESTAURANT,168.92,0.0
68.0,92.0,2025-12-21,RESTAURANT,195.98,0.0
69.0,448.0,2025-02-14,FUEL,63.41,0.0
70.0,119.0,2025-09-27,ONLINE,37.27,0.0
71.0,374.0,2025-03-25,FUEL,11.63,0.0
72.0,26.0,2025-01-07,ONLINE,103.43,0.0
73.0,309.0,2025-05-14,ELECTRONICS,133.32,0.0
74.0,348.0,2025-05-24,RESTAURANT,205.96,0.0
75.0,77.0,2025-12-28,TRAVEL,139.32,0.0
76.0,216.0,2025-05-06,GROCERY,67.7,0.0
77.0,465.0,2025-10-08,TRAVEL,120.49,0.0
78.0,308.0,2025-12-08,FUEL,213.16,0.0
79.0,405.0,2025-05-04,ELECTRONICS,132.04,0.0
80.0,213.0,2025-03-07,TRAVEL,192.3,0.0
81.0,120.0,2025-12-19,GROCERY,39.03,0.0
82.0,235.0,2025-06-17,FUEL,164.36,0.0
83.0,203.0,2025-06-16,FUEL,139.5,0.0
84.0,492.0,2025-09-23,GROCERY,79.87,0.0
85.0,215.0,2025-05-19,GROCERY,215.88,0.0
86.0,314.0,2025-07-17,RESTAURANT,361.77,0.0
87.0,294.0,2025-12-11,RESTAURANT,17.96,0.0
88.0,186.0,2025-01-18,GROCERY,83.08,0.0
89.0,188.0,2025-09-26,ONLINE,97.8,0.0
90.0,423.0,2025-05-25,RESTAURANT,103.52,0.0
91.0,106.0,2025-07-19,FUEL,61.6,0.0
92.0,208.0,2025-11-29,ELECTRONICS,22.1,0.0
93.0,334.0,2025-08-08,GROCERY,86.58,0.0
94.0,29.0,2025-06-02,RESTAURANT,98.4,0.0
95.0,339.0,2025-12-22,FUEL,80.74,0.0
96.0,417.0,2025-08-09,GROCERY,100.19,0.0
97.0,222.0,2025-02-25,ELECTRONICS,122.61,0.0
98.0,292.0,2025-02-02,RESTAURANT,-89.16,0.0
99.0,244.0,2025-05-07,FUEL,61.0,0.0
100.0,333.0,2025-09-20,ONLINE,100.63,0.0
101.0,26.0,2025-06-03,ELECTRONICS,129.64,0.0
102.0,309.0,2025-03-03,GROCERY,107.53,0.0
103.0,229.0,2025-12-26,ELECTRONICS,377.78,0.0
104.0,18.0,2025-03-14,ONLINE,136.43,0.0
105.0,401.0,2025-01-31,FUEL,103.91,0.0
106.0,76.0,2025-05-20,FUEL,53.64,0.0
107.0,296.0,2025-02-10,ONLINE,54.77,0.0
108.0,426.0,2025-08-05,RESTAURANT,80.88,0.0
109.0,461.0,2025-06-08,FUEL,82.89,0.0
110.0,315.0,2025-12-05,ONLINE,80.4,0.0
111.0,359.0,2025-03-03,ELECTRONICS,140.74,0.0
112.0,293.0,2025-04-09,FUEL,211.11,0.0
113.0,389.0,2025-09-07,ONLINE,169.34,0.0
114.0,488.0,2025-09-12,ONLINE,155.74,0.0
115.0,230.0,2025-05-12,TRAVEL,48.57,0.0
116.0,207.0,2025-12-03,FUEL,232.74,0.0
117.0,87.0,2025-11-05,TRAVEL,52.64,0.0
118.0,490.0,2025-08-12,ONLINE,127.32,0.0
119.0,457.0,2025-10-01,FUEL,149.08,0.0
120.0,354.0,2025-07-15,RESTAURANT,237.36,0.0
121.0,330.0,2025-06-21,ELECTRONICS,333.45,0.0
122.0,103.0,2025-07-19,GROCERY,78.2,0.0
123.0,455.0,2025-11-05,TRAVEL,119.67,0.0
124.0,29.0,2025-01-06,TRAVEL,222.89,0.0
125.0,309.0,2025-02-06,ELECTRONICS,352.43,0.0
126.0,127.0,2025-06-23,ONLINE,85.05,0.0
127.0,228.0,2025-08-01,TRAVEL,50.78,0.0
128.0,48.0,2025-03-07,ELECTRONICS,30.13,0.0
129.0,68.0,2025-08-09,RESTAURANT,18.98,0.0
130.0,189.0,2025-01-09,TRAVEL,58.45,0.0
131.0,199.0,2025-03-31,ELECTRONICS,193.7,0.0
132.0,441.0,2025-06-17,GROCERY,201.51,0.0
133.0,299.0,2025-01-19,ELECTRONICS,136.42,0.0
134.0,16.0,2025-08-20,GROCERY,82.09,0.0
135.0,466.0,2025-07-15,ONLINE,141.04,0.0
136.0,306.0,2025-07-26,ONLINE,108.8,0.0
137.0,415.0,2025-07-07,ELECTRONICS,85.21,0.0
138.0,463.0,2025-09-10,ELECTRONICS,131.91,0.0
139.0,257.0,2025-08-27,ELECTRONICS,79.28,0.0
140.0,90.0,2025-08-29,ELECTRONICS,131.44,0.0
141.0,224.0,2025-03-19,ELECTRONICS,146.73,0.0
142.0,344.0,2025-09-08,ONLINE,172.76,0.0
143.0,17.0,2025-03-07,ELECTRONICS,23.06,0.0
144.0,474.0,2025-01-08,FUEL,234.88,0.0
145.0,176.0,2025-12-23,RESTAURANT,98.34,0.0
146.0,330.0,2025-03-07,ELECTRONICS,335.9,0.0
147.0,491.0,2025-02-11,GROCERY,194.58,0.0
148.0,433.0,2025-04-21,GROCERY,52.09,0.0
149.0,371.0,2025-12-31,GROCERY,157.54,0.0
150.0,150.0,2025-11-12,ONLINE,223.42,0.0
151.0,263.0,2025-09-20,GROCERY,88.53,0.0
152.0,251.0,2025-03-10,TRAVEL,48.72,0.0
153.0,432.0,2025-08-18,TRAVEL,41.77,0.0
154.0,20.0,2025-10-31,TRAVEL,29.24,0.0
155.0,12.0,2025-05-05,GROCERY,12.51,0.0
156.0,60.0,2025-04-05,TRAVEL,99.82,0.0
157.0,479.0,2025-11-13,TRAVEL,43.75,0.0
158.0,271.0,2025-02-17,FUEL,63.48,0.0
159.0,350.0,2025-11-29,ONLINE,341.16,0.0
160.0,48.0,2025-06-24,TRAVEL,147.22,0.0
161.0,7.0,2025-09-21,GROCERY,50.71,0.0
162.0,326.0,2025-05-16,ONLINE,446.37,0.0
163.0,353.0,2025-09-17,TRAVEL,130.69,0.0
164.0,214.0,2025-12-04,FUEL,420.99,0.0
165.0,42.0,2025-06-30,TRAVEL,288.56,0.0
166.0,245.0,2025-03-19,ELECTRONICS,134.01,0.0
167.0,320.0,2025-01-29,GROCERY,99.19,0.0
168.0,107.0,2025-12-04,ELECTRONICS,191.88,0.0
169.0,151.0,2025-12-31,FUEL,125.79,0.0
170.0,374.0,2025-08-26,FUEL,74.09,0.0
171.0,107.0,2025-01-06,ELECTRONICS,70.42,0.0
172.0,50.0,2025-11-19,RESTAURANT,213.29,0.0
173.0,315.0,2025-06-30,FUEL,50.61,0.0
174.0,12.0,2025-03-27,ONLINE,211.25,0.0
175.0,218.0,2025-05-15,FUEL,111.01,0.0
176.0,285.0,2025-12-10,ONLINE,24.07,0.0
177.0,33.0,2025-10-11,ELECTRONICS,222.89,0.0
178.0,327.0,2025-08-06,TRAVEL,51.8,0.0
179.0,412.0,2025-09-26,FUEL,58.07,0.0
180.0,487.0,2025-11-06,GROCERY,91.79,0.0
181.0,134.0,2025-08-18,GROCERY,103.53,0.0
182.0,164.0,2025-04-25,FUEL,134.66,0.0
183.0,310.0,2025-01-28,TRAVEL,215.06,0.0
184.0,300.0,2025-02-14,GROCERY,210.18,0.0
185.0,305.0,2025-03-28,ONLINE,68.65,0.0
186.0,158.0,2025-10-08,ONLINE,70.52,0.0
187.0,29.0,2025-02-04,ONLINE,199.46,0.0
188.0,13.0,2025-02-16,RESTAURANT,44.03,0.0
189.0,499.0,2025-12-24,FUEL,110.97,0.0
190.0,204.0,2025-05-27,GROCERY,274.47,0.0
191.0,224.0,2025-02-16,GROCERY,77.27,0.0
192.0,314.0,2025-11-15,RESTAURANT,28.76,0.0
193.0,103.0,2025-12-20,ELECTRONICS,51.81,0.0
194.0,191.0,2025-07-04,FUEL,54.76,0.0
195.0,219.0,2025-02-11,ONLINE,48.08,1.0
196.0,48.0,2025-08-18,ELECTRONICS,88.43,0.0
197.0,302.0,2025-11-11,ELECTRONICS,415.58,0.0
198.0,97.0,2025-12-19,GROCERY,154.56,0.0
199.0,2.0,2025-07-29,ONLINE,95.21,0.0
200.0,311.0,2025-12-11,ELECTRONICS,101.61,0.0
201.0,151.0,2025-10-31,TRAVEL,61.1,0.0
202.0,359.0,2025-02-28,GROCERY,101.32,0.0
203.0,269.0,2025-08-20,RESTAURANT,266.41,0.0
204.0,15.0,2025-08-31,ELECTRONICS,113.78,0.0
205.0,348.0,2025-10-08,TRAVEL,209.29,0.0
206.0,21.0,2025-07-13,ONLINE,190.51,0.0
207.0,157.0,2025-09-24,TRAVEL,403.08,0.0
208.0,344.0,2025-08-02,FUEL,188.13,0.0
209.0,202.0,2025-04-05,ELECTRONICS,384.91,0.0
210.0,193.0,2025-06-26,GROCERY,220.12,0.0
211.0,111.0,2025-12-08,RESTAURANT,134.7,0.0
212.0,222.0,2025-11-04,ONLINE,56.72,0.0
213.0,147.0,2025-08-23,TRAVEL,208.44,0.0
214.0,474.0,2025-04-28,ONLINE,220.71,0.0
215.0,344.0,2025-03-15,RESTAURANT,224.76,0.0
216.0,455.0,2025-04-15,GROCERY,4.81,0.0
217.0,169.0,2025-04-22,ONLINE,75.67,1.0
218.0,476.0,2025-12-18,GROCERY,153.14,0.0
219.0,140.0,2025-07-14,TRAVEL,80.36,0.0
220.0,155.0,2025-05-23,GROCERY,70.08,0.0
221.0,150.0,2025-11-18,GROCERY,60.89,0.0
222.0,295.0,2025-05-15,RESTAURANT,24.86,0.0
223.0,307.0,2025-10-18,ELECTRONICS,147.33,0.0
224.0,33.0,2025-08-23,TRAVEL,66.13,0.0
225.0,281.0,2025-04-21,TRAVEL,77.39,0.0
226.0,477.0,2025-12-17,FUEL,95.21,0.0
227.0,204.0,2025-09-09,ELECTRONICS,164.75,0.0
228.0,350.0,2025-12-28,TRAVEL,132.07,0.0
229.0,317.0,2025-01-01,GROCERY,127.61,0.0
230.0,490.0,2025-04-13,FUEL,10.15,0.0
231.0,322.0,2025-05-02,ONLINE,212.09,0.0
232.0,236.0,2025-09-04,ELECTRONICS,322.39,0.0
233.0,7.0,2025-11-03,ONLINE,125.05,0.0
234.0,402.0,2025-02-14,ELECTRONICS,42.62,0.0
235.0,170.0,2025-02-25,GROCERY,71.59,0.0
236.0,463.0,2025-09-04,GROCERY,44.4,0.0
237.0,123.0,2025-05-09,ONLINE,297.4,0.0
238.0,219.0,2025-09-13,FUEL,77.05,0.0
239.0,415.0,2025-01-01,RESTAURANT,129.33,0.0
240.0,76.0,2025-07-11,RESTAURANT,92.22,0.0
241.0,138.0,2025-01-09,RESTAURANT,159.38,0.0
242.0,396.0,2025-12-14,GROCERY,53.52,0.0
243.0,159.0,2025-02-23,ELECTRONICS,125.62,0.0
244.0,479.0,2025-03-06,ELECTRONICS,77.65,0.0
245.0,269.0,2025-02-07,ELECTRONICS,231.57,0.0
246.0,413.0,2025-03-22,ONLINE,11.54,0.0
247.0,274.0,2025-06-28,TRAVEL,84.67,0.0
248.0,23.0,2025-08-14,RESTAURANT,216.62,0.0
249.0,406.0,2025-11-25,FUEL,199.53,0.0
250.0,210.0,2025-11-17,TRAVEL,26.81,0.0
251.0,194.0,2025-01-31,GROCERY,184.61,0.0
252.0,369.0,2025-06-06,ELECTRONICS,49.24,0.0
253.0,141.0,2025-11-14,GROCERY,62.75,0.0
254.0,215.0,2025-03-02,ONLINE,208.52,0.0
255.0,305.0,2025-09-01,GROCERY,83.28,0.0
256.0,297.0,2025-06-05,GROCERY,24.96,0.0
257.0,365.0,2025-03-03,ONLINE,38.77,0.0
258.0,42.0,2025-01-23,TRAVEL,111.96,0.0
259.0,497.0,2025-04-16,FUEL,81.1,0.0
260.0,305.0,2025-01-01,FUEL,79.9,0.0
261.0,310.0,2025-03-12,ONLINE,157.41,0.0
262.0,442.0,2025-07-20,TRAVEL,137.64,0.0
263.0,246.0,2025-10-16,ELECTRONICS,85.79,0.0
264.0,16.0,2025-07-04,RESTAURANT,201.86,0.0
265.0,67.0,2025-09-22,FUEL,158.37,0.0
266.0,474.0,2025-01-28,TRAVEL,131.73,0.0
267.0,494.0,2025-04-22,GROCERY,71.11,0.0
268.0,42.0,2025-08-29,FUEL,224.08,1.0
269.0,343.0,2025-01-20,TRAVEL,79.15,0.0
270.0,331.0,2025-08-02,ONLINE,85.02,0.0
271.0,83.0,2025-03-03,ONLINE,301.89,0.0
272.0,394.0,2025-06-03,GROCERY,51.63,0.0
273.0,230.0,2025-08-18,TRAVEL,51.02,0.0
274.0,116.0,2025-12-27,TRAVEL,87.64,0.0
275.0,281.0,2025-02-02,GROCERY,42.26,0.0
276.0,453.0,2025-07-20,ELECTRONICS,43.28,0.0
277.0,109.0,2025-07-15,GROCERY,296.07,0.0
278.0,310.0,2025-01-24,FUEL,86.53,0.0
279.0,367.0,2025-08-12,RESTAURANT,134.91,0.0
280.0,313.0,2025-01-28,TRAVEL,29.44,0.0
281.0,326.0,2025-09-09,ONLINE,47.8,0.0
282.0,363.0,2025-03-17,ELECTRONICS,323.57,0.0
283.0,117.0,2025-02-15,ONLINE,42.64,0.0
284.0,51.0,2025-01-27,GROCERY,138.0,0.0
285.0,495.0,2025-06-17,FUEL,4.2,0.0
286.0,160.0,2025-03-28,FUEL,27.26,0.0
287.0,475.0,2025-06-19,ELECTRONICS,85.44,0.0
288.0,135.0,2025-11-23,TRAVEL,197.63,0.0
289.0,133.0,2025-11-01,ELECTRONICS,107.31,0.0
290.0,13.0,2025-10-01,RESTAURANT,91.52,0.0
291.0,221.0,2025-06-21,RESTAURANT,167.48,0.0
292.0,473.0,2025-02-10,ONLINE,124.27,0.0
293.0,448.0,2025-05-29,ONLINE,20.29,0.0
294.0,153.0,2025-01-08,TRAVEL,102.07,0.0
295.0,204.0,2025-02-15,TRAVEL,72.35,0.0
296.0,335.0,2025-04-21,ONLINE,88.9,0.0
297.0,478.0,2025-09-11,ELECTRONICS,70.66,0.0
298.0,303.0,2025-10-15,TRAVEL,103.11,0.0
299.0,101.0,2025-08-15,ONLINE,141.43,0.0
300.0,179.0,2025-04-05,TRAVEL,33.13,0.0
301.0,363.0,2025-09-19,TRAVEL,59.1,0.0
302.0,12.0,2025-12-30,FUEL,163.66,0.0
303.0,300.0,2025-08-28,FUEL,178.37,0.0
304.0,385.0,2025-10-05,RESTAURANT,268.25,0.0
305.0,174.0,2025-11-16,RESTAURANT,108.95,0.0
306.0,270.0,2025-09-19,RESTAURANT,56.26,0.0
307.0,359.0,2025-11-17,ELECTRONICS,59.98,0.0
308.0,298.0,2025-04-19,ELECTRONICS,106.34,0.0
309.0,13.0,2025-04-23,GROCERY,47.65,0.0
310.0,293.0,2025-03-05,FUEL,255.95,0.0
311.0,116.0,2025-03-08,RESTAURANT,70.28,0.0
312.0,370.0,2025-07-21,ONLINE,232.05,0.0
313.0,131.0,2025-12-05,ELECTRONICS,42.23,0.0
314.0,490.0,2025-03-22,RESTAURANT,89.18,0.0
315.0,59.0,2025-09-18,RESTAURANT,78.94,0.0
316.0,446.0,2025-01-29,ONLINE,28.61,0.0
317.0,17.0,2025-12-21,TRAVEL,83.86,0.0
318.0,342.0,2025-07-11,TRAVEL,123.94,0.0
319.0,177.0,2025-07-01,ONLINE,10.5,0.0
320.0,98.0,2025-05-12,TRAVEL,150.9,0.0
321.0,110.0,2025-12-18,ONLINE,131.77,0.0
322.0,20.0,2025-06-03,TRAVEL,101.28,0.0
323.0,67.0,2025-02-14,GROCERY,172.8,0.0
324.0,197.0,2025-07-25,GROCERY,181.16,0.0
325.0,79.0,2025-08-04,TRAVEL,510.79,0.0
326.0,485.0,2025-09-30,GROCERY,27.17,0.0
327.0,414.0,2025-07-01,TRAVEL,281.57,0.0
328.0,237.0,2025-04-13,RESTAURANT,204.51,0.0
329.0,48.0,2025-01-01,TRAVEL,131.7,0.0
330.0,494.0,2025-12-27,ONLINE,42.97,0.0
331.0,363.0,2025-03-12,RESTAURANT,74.41,0.0
332.0,92.0,2025-05-09,GROCERY,66.08,0.0
333.0,27.0,2025-02-26,RESTAURANT,93.47,0.0
334.0,310.0,2025-03-27,GROCERY,168.09,0.0
335.0,21.0,2025-01-23,FUEL,246.55,0.0
336.0,308.0,2025-05-05,RESTAURANT,336.02,0.0
337.0,222.0,2025-12-13,ONLINE,74.88,0.0
338.0,441.0,2025-03-23,GROCERY,116.88,0.0
339.0,191.0,2025-12-19,RESTAURANT,50.55,0.0
340.0,224.0,2025-08-20,FUEL,211.0,0.0
341.0,273.0,2025-11-22,TRAVEL,137.86,0.0
342.0,492.0,2025-08-15,ELECTRONICS,86.89,0.0
343.0,352.0,2025-12-27,RESTAURANT,25.48,0.0
344.0,335.0,2025-07-21,GROCERY,118.1,0.0
345.0,155.0,2025-10-31,TRAVEL,127.38,0.0
346.0,242.0,2025-01-14,RESTAURANT,18.08,0.0
347.0,98.0,2025-12-07,ELECTRONICS,33.65,0.0
348.0,196.0,2025-01-07,RESTAURANT,115.96,0.0
349.0,412.0,2025-03-14,TRAVEL,316.72,0.0
350.0,50.0,2025-09-27,RESTAURANT,-226.27,0.0
351.0,83.0,2025-04-04,ELECTRONICS,88.82,0.0
352.0,293.0,2025-01-16,ELECTRONICS,78.67,0.0
353.0,400.0,2025-11-11,ONLINE,57.61,0.0
354.0,488.0,2025-07-07,ELECTRONICS,52.64,0.0
355.0,294.0,2025-06-25,FUEL,83.28,0.0
356.0,329.0,2025-04-26,RESTAURANT,380.3,0.0
357.0,145.0,2025-09-19,ELECTRONICS,78.2,0.0
358.0,205.0,2025-04-25,GROCERY,103.21,0.0
359.0,158.0,2025-07-25,FUEL,35.94,0.0
360.0,55.0,2025-02-17,ONLINE,155.05,0.0
361.0,186.0,2025-04-22,ONLINE,101.87,0.0
362.0,109.0,2025-01-11,ELECTRONICS,74.56,0.0
363.0,296.0,2025-04-14,TRAVEL,44.34,0.0
364.0,377.0,2025-05-20,TRAVEL,54.86,0.0
365.0,490.0,2025-10-01,ONLINE,70.6,0.0
366.0,441.0,2025-10-28,FUEL,74.28,0.0
367.0,160.0,2025-07-14,GROCERY,43.95,0.0
368.0,470.0,2025-12-04,RESTAURANT,94.79,0.0
369.0,471.0,2025-05-12,RESTAURANT,120.15,0.0
370.0,252.0,2025-06-30,FUEL,174.86,0.0
371.0,103.0,2025-08-14,ELECTRONICS,305.11,0.0
372.0,389.0,2025-03-06,GROCERY,17.58,0.0
373.0,57.0,2025-06-03,ONLINE,133.55,0.0
374.0,181.0,2025-11-25,FUEL,81.21,0.0
375.0,267.0,2025-06-23,TRAVEL,12.3,0.0
376.0,432.0,2025-12-06,ELECTRONICS,61.16,0.0
377.0,489.0,2025-09-05,ELECTRONICS,162.32,0.0
378.0,409.0,2025-03-04,TRAVEL,147.7,0.0
379.0,243.0,2025-06-17,GROCERY,111.94,0.0
380.0,43.0,2025-05-14,ONLINE,56.03,0.0
381.0,400.0,2025-12-13,ELECTRONICS,252.75,0.0
382.0,429.0,2025-05-03,FUEL,39.19,0.0
383.0,237.0,2025-06-27,FUEL,75.41,0.0
384.0,278.0,2025-09-09,FUEL,86.57,0.0
385.0,426.0,2025-12-18,GROCERY,96.23,0.0
386.0,67.0,2025-07-19,GROCERY,427.56,0.0
387.0,407.0,2025-11-06,GROCERY,288.41,0.0
388.0,257.0,2025-02-12,ELECTRONICS,144.35,0.0
389.0,344.0,2025-11-22,ELECTRONICS,102.43,0.0
390.0,96.0,2025-03-17,ELECTRONICS,101.56,0.0
391.0,308.0,2025-10-06,GROCERY,170.76,0.0
392.0,135.0,2025-07-14,ELECTRONICS,220.77,0.0
393.0,260.0,2025-08-09,ELECTRONICS,38.34,0.0
394.0,263.0,2025-02-03,FUEL,307.02,0.0
395.0,479.0,2025-07-14,RESTAURANT,139.29,0.0
396.0,336.0,2025-02-01,GROCERY,65.85,0.0
397.0,279.0,2025-07-21,RESTAURANT,92.01,0.0
398.0,201.0,2025-05-29,TRAVEL,144.69,0.0
399.0,169.0,2025-03-15,ONLINE,149.73,0.0
400.0,327.0,2025-06-29,ELECTRONICS,44.59,0.0
401.0,442.0,2025-03-20,RESTAURANT,98.57,0.0
402.0,287.0,2025-01-31,GROCERY,119.85,0.0
403.0,331.0,2025-01-13,RESTAURANT,223.07,0.0
404.0,164.0,2025-05-05,FUEL,239.53,0.0
405.0,280.0,2025-09-30,ONLINE,34.26,0.0
406.0,286.0,2025-07-30,GROCERY,106.35,0.0
407.0,342.0,2025-02-15,RESTAURANT,63.01,0.0
408.0,159.0,2025-06-11,RESTAURANT,142.3,0.0
409.0,175.0,2025-08-01,GROCERY,413.49,0.0
410.0,180.0,2025-03-27,RESTAURANT,205.48,0.0
411.0,211.0,2025-02-20,FUEL,151.41,0.0
412.0,147.0,2025-04-01,GROCERY,182.13,0.0
413.0,98.0,2025-01-25,ONLINE,274.76,0.0
414.0,251.0,2025-03-30,ONLINE,193.04,0.0
415.0,428.0,2025-07-14,FUEL,40.04,0.0
416.0,16.0,2025-10-20,TRAVEL,322.43,0.0
417.0,333.0,2025-11-15,ONLINE,114.33,0.0
418.0,409.0,2025-09-03,FUEL,138.26,0.0
419.0,413.0,2025-05-10,ONLINE,239.34,0.0
420.0,427.0,2025-12-07,ELECTRONICS,400.41,0.0
421.0,159.0,2025-12-02,TRAVEL,75.17,0.0
422.0,51.0,2025-05-11,GROCERY,230.54,0.0
423.0,498.0,2025-01-04,ELECTRONICS,71.5,0.0
424.0,350.0,2025-06-08,FUEL,130.16,0.0
425.0,179.0,2025-06-19,RESTAURANT,28.74,0.0
426.0,427.0,2025-09-05,ONLINE,71.83,0.0
427.0,177.0,2025-02-23,ELECTRONICS,125.44,0.0
428.0,375.0,2025-07-18,ELECTRONICS,157.26,0.0
429.0,481.0,2025-04-26,FUEL,151.0,0.0
430.0,384.0,2025-06-30,ONLINE,210.83,0.0
431.0,328.0,2025-01-09,FUEL,80.52,0.0
432.0,96.0,2025-07-12,ONLINE,99.59,0.0
433.0,467.0,2025-01-13,RESTAURANT,103.3,0.0
434.0,213.0,2025-11-08,FUEL,85.28,0.0
435.0,312.0,2025-09-18,GROCERY,51.67,0.0
436.0,306.0,2025-12-03,FUEL,114.91,0.0
437.0,124.0,2025-08-27,TRAVEL,187.85,0.0
438.0,302.0,2025-12-24,ONLINE,136.24,0.0
439.0,196.0,2025-03-18,ONLINE,77.18,0.0
440.0,175.0,2025-01-03,TRAVEL,116.57,0.0
441.0,430.0,2025-11-25,TRAVEL,73.48,0.0
442.0,361.0,2025-08-29,TRAVEL,160.05,0.0
443.0,245.0,2025-09-09,GROCERY,192.12,0.0
444.0,10.0,2025-04-16,ELECTRONICS,195.27,0.0
445.0,355.0,2025-05-03,ONLINE,91.9,0.0
446.0,370.0,2025-09-05,FUEL,74.73,0.0
447.0,84.0,2025-05-29,GROCERY,210.83,0.0
448.0,379.0,2025-01-28,ELECTRONICS,86.58,0.0
449.0,200.0,2025-04-17,TRAVEL,115.2,0.0
450.0,367.0,2025-05-21,RESTAURANT,135.23,0.0
451.0,420.0,2025-10-31,ONLINE,108.32,0.0
452.0,351.0,2025-05-06,FUEL,176.12,0.0
453.0,471.0,2025-06-30,GROCERY,32.03,0.0
454.0,39.0,2025-08-07,ELECTRONICS,149.89,0.0
455.0,163.0,2025-02-19,GROCERY,57.9,0.0
456.0,30.0,2025-08-01,ONLINE,79.44,0.0
457.0,87.0,2025-03-15,TRAVEL,123.38,0.0
458.0,187.0,2025-11-17,ELECTRONICS,24.72,0.0
459.0,12.0,2025-04-19,ONLINE,95.7,0.0
460.0,199.0,2025-04-22,ELECTRONICS,83.81,0.0
461.0,64.0,2025-05-28,ELECTRONICS,99.66,0.0
462.0,57.0,2025-05-12,TRAVEL,80.29,0.0
463.0,418.0,2025-08-05,TRAVEL,115.75,1.0
464.0,373.0,2025-09-21,GROCERY,71.39,0.0
465.0,228.0,2025-12-18,FUEL,105.3,0.0
466.0,284.0,2025-11-21,GROCERY,123.17,0.0
467.0,146.0,2025-04-06,TRAVEL,215.96,0.0
468.0,243.0,2025-08-09,ELECTRONICS,247.89,0.0
469.0,388.0,2025-04-30,ONLINE,34.63,0.0
470.0,261.0,2025-10-22,RESTAURANT,227.17,0.0
471.0,397.0,2025-01-09,GROCERY,51.39,0.0
472.0,243.0,2025-12-30,ELECTRONICS,105.94,0.0
473.0,182.0,2025-05-16,ELECTRONICS,26.44,0.0
474.0,448.0,2025-09-29,GROCERY,15.1,0.0
475.0,451.0,2025-09-04,FUEL,397.83,0.0
476.0,115.0,2025-05-14,TRAVEL,108.03,0.0
477.0,232.0,2025-12-18,FUEL,91.26,0.0
478.0,387.0,2025-04-08,TRAVEL,133.56,0.0
479.0,131.0,2025-09-28,GROCERY,92.89,0.0
480.0,375.0,2025-12-05,FUEL,190.55,0.0
481.0,450.0,2025-02-13,ELECTRONICS,128.3,0.0
482.0,118.0,2025-12-01,FUEL,170.09,0.0
483.0,77.0,2025-11-21,GROCERY,58.39,0.0
484.0,473.0,2025-05-19,RESTAURANT,30.18,0.0
485.0,498.0,2025-11-03,ONLINE,205.26,0.0
486.0,430.0,2025-01-03,FUEL,137.64,0.0
487.0,307.0,2025-03-10,FUEL,40.12,0.0
488.0,43.0,2025-10-02,ELECTRONICS,40.72,0.0
489.0,458.0,2025-12-08,ONLINE,117.57,0.0
490.0,100.0,2025-02-15,ELECTRONICS,161.1,0.0
491.0,90.0,2025-09-18,FUEL,51.07,0.0
492.0,359.0,2025-02-07,TRAVEL,283.55,0.0
493.0,195.0,2025-10-13,FUEL,175.66,0.0
494.0,434.0,2025-11-24,GROCERY,215.02,0.0
495.0,437.0,2025-06-17,FUEL,115.41,0.0
496.0,403.0,2025-02-06,TRAVEL,108.49,0.0
497.0,419.0,2025-03-15,TRAVEL,36.94,0.0
498.0,273.0,2025-07-05,ONLINE,58.83,0.0
499.0,436.0,2025-10-19,RESTAURANT,98.79,0.0
500.0,458.0,2025-07-09,ONLINE,140.17,0.0
501.0,141.0,2025-06-24,ONLINE,123.03,0.0
502.0,213.0,2025-08-08,ONLINE,18.11,0.0
503.0,309.0,2025-12-20,ONLINE,48.67,0.0
504.0,430.0,2025-10-16,TRAVEL,128.76,0.0
505.0,195.0,2025-02-25,FUEL,142.66,0.0
506.0,131.0,2025-03-13,ELECTRONICS,79.22,0.0
507.0,161.0,2025-05-10,ONLINE,165.48,0.0
508.0,400.0,2025-04-09,ONLINE,163.81,0.0
509.0,261.0,2025-09-26,FUEL,380.76,0.0
510.0,128.0,2025-12-29,GROCERY,109.02,0.0
511.0,358.0,2025-07-28,GROCERY,76.92,0.0
512.0,331.0,2025-11-21,ONLINE,51.34,0.0
513.0,260.0,2025-06-08,RESTAURANT,32.7,0.0
514.0,310.0,2025-09-09,FUEL,159.12,0.0
515.0,116.0,2025-09-14,ELECTRONICS,147.19,0.0
516.0,92.0,2025-04-18,FUEL,36.66,0.0
517.0,404.0,2025-09-25,TRAVEL,159.85,0.0
518.0,341.0,2025-07-15,TRAVEL,119.94,0.0
519.0,489.0,2025-07-30,GROCERY,85.96,0.0
520.0,470.0,2025-04-03,GROCERY,16.54,0.0
521.0,182.0,2025-04-27,FUEL,146.17,0.0
522.0,232.0,2025-11-10,FUEL,309.17,0.0
523.0,425.0,2025-08-14,TRAVEL,-57.03,0.0
524.0,2.0,2025-02-17,FUEL,120.1,0.0
525.0,432.0,2025-07-19,RESTAURANT,154.33,0.0
526.0,84.0,2025-08-14,ELECTRONICS,9.28,0.0
527.0,131.0,2025-10-19,FUEL,49.54,0.0
528.0,241.0,2025-11-08,TRAVEL,28.04,0.0
529.0,353.0,2025-08-27,RESTAURANT,307.96,0.0
530.0,177.0,2025-01-05,TRAVEL,8.66,0.0
531.0,470.0,2025-07-01,ELECTRONICS,85.67,0.0
532.0,392.0,2025-03-17,ONLINE,129.97,0.0
533.0,370.0,2025-01-07,ELECTRONICS,56.64,0.0
534.0,387.0,2025-12-04,ONLINE,11.1,0.0
535.0,16.0,2025-03-02,ONLINE,88.43,0.0
536.0,412.0,2025-03-31,TRAVEL,55.86,0.0
537.0,303.0,2025-05-03,ELECTRONICS,140.31,0.0
538.0,94.0,2025-06-19,FUEL,177.51,0.0
539.0,390.0,2025-08-08,TRAVEL,36.92,0.0
540.0,53.0,2025-04-24,ELECTRONICS,60.83,0.0
541.0,310.0,2025-10-17,TRAVEL,63.41,0.0
542.0,285.0,2025-02-27,GROCERY,175.75,0.0
543.0,15.0,2025-12-17,FUEL,110.55,0.0
544.0,188.0,2025-11-09,FUEL,38.31,0.0
545.0,61.0,2025-08-07,ONLINE,214.81,0.0
546.0,474.0,2025-01-18,FUEL,56.5,0.0
547.0,401.0,2025-09-24,TRAVEL,69.74,0.0
548.0,498.0,2025-09-15,TRAVEL,46.83,0.0
549.0,245.0,2025-08-15,RESTAURANT,116.8,0.0
550.0,165.0,2025-04-13,TRAVEL,79.17,0.0
551.0,479.0,2025-06-07,TRAVEL,258.1,0.0
552.0,154.0,2025-06-01,GROCERY,111.65,0.0
553.0,208.0,2025-08-11,TRAVEL,49.38,0.0
554.0,67.0,2025-05-01,ONLINE,102.85,0.0
555.0,411.0,2025-05-27,RESTAURANT,282.64,0.0
556.0,60.0,2025-11-28,RESTAURANT,34.32,0.0
557.0,18.0,2025-06-15,ELECTRONICS,146.07,0.0
558.0,417.0,2025-08-05,GROCERY,16.81,0.0
559.0,421.0,2025-11-29,ELECTRONICS,246.11,0.0
560.0,427.0,2025-12-11,GROCERY,71.21,0.0
561.0,430.0,2025-07-25,ONLINE,48.17,0.0
562.0,71.0,2025-04-07,GROCERY,271.27,0.0
563.0,182.0,2025-02-06,RESTAURANT,97.77,0.0
564.0,383.0,2025-11-10,ELECTRONICS,100.64,0.0
565.0,155.0,2025-07-11,GROCERY,72.07,0.0
566.0,390.0,2025-07-26,ONLINE,74.63,0.0
567.0,455.0,2025-12-14,RESTAURANT,14.87,0.0
568.0,481.0,2025-05-16,RESTAURANT,144.54,1.0
569.0,389.0,2025-02-06,ONLINE,28.23,0.0
570.0,399.0,2025-09-03,TRAVEL,195.14,0.0
571.0,299.0,2025-12-21,FUEL,40.53,0.0
572.0,40.0,2025-03-04,TRAVEL,107.72,0.0
573.0,219.0,2025-12-27,RESTAURANT,62.62,0.0
574.0,477.0,2025-07-17,RESTAURANT,72.06,0.0
575.0,457.0,2025-07-24,ELECTRONICS,83.63,0.0
576.0,120.0,2025-12-17,ONLINE,128.9,0.0
577.0,374.0,2025-05-02,ELECTRONICS,266.1,0.0
578.0,154.0,2025-09-30,GROCERY,70.64,0.0
579.0,209.0,2025-01-04,GROCERY,11.91,0.0
580.0,325.0,2025-09-03,ONLINE,228.59,0.0
581.0,249.0,2025-01-06,ELECTRONICS,160.34,0.0
582.0,303.0,2025-01-02,TRAVEL,39.1,0.0
583.0,50.0,2025-05-22,TRAVEL,32.87,0.0
584.0,149.0,2025-05-17,GROCERY,133.15,0.0
585.0,406.0,2025-10-13,ELECTRONICS,116.88,0.0
586.0,310.0,2025-11-22,GROCERY,310.64,0.0
587.0,421.0,2025-12-10,ONLINE,145.56,0.0
588.0,483.0,2025-08-16,RESTAURANT,59.33,0.0
589.0,178.0,2025-02-26,RESTAURANT,48.42,0.0
590.0,133.0,2025-09-02,FUEL,105.09,0.0
591.0,155.0,2025-06-28,RESTAURANT,15.77,0.0
592.0,287.0,2025-07-13,GROCERY,22.96,0.0
593.0,127.0,2025-07-03,ONLINE,0.0,0.0
594.0,196.0,2025-11-19,GROCERY,58.06,0.0
595.0,87.0,2025-05-19,ELECTRONICS,96.58,0.0
596.0,193.0,2025-12-18,ELECTRONICS,152.45,0.0
597.0,474.0,2025-07-17,ELECTRONICS,237.82,0.0
598.0,212.0,2025-09-09,RESTAURANT,207.68,0.0
599.0,380.0,2025-12-04,RESTAURANT,185.98,0.0
600.0,216.0,2025-10-25,ONLINE,69.81,0.0
601.0,217.0,2025-06-10,ELECTRONICS,49.6,0.0
602.0,330.0,2025-03-16,FUEL,131.19,0.0
603.0,56.0,2025-02-20,RESTAURANT,137.28,0.0
604.0,178.0,2025-05-13,FUEL,38.32,0.0
605.0,70.0,2025-08-31,RESTAURANT,83.31,0.0
606.0,100.0,2025-10-19,FUEL,46.13,0.0
607.0,355.0,2025-01-12,TRAVEL,22.04,0.0
608.0,88.0,2025-06-18,RESTAURANT,124.09,0.0
609.0,102.0,2025-12-10,FUEL,183.47,0.0
610.0,287.0,2025-10-28,TRAVEL,291.86,0.0
611.0,174.0,2025-12-10,ONLINE,88.37,0.0
612.0,62.0,2025-12-16,TRAVEL,-17.76,0.0
613.0,479.0,2025-02-03,RESTAURANT,326.48,0.0
614.0,462.0,2025-09-06,TRAVEL,345.76,0.0
615.0,291.0,2025-07-21,ONLINE,557.67,0.0
616.0,263.0,2025-06-24,FUEL,416.45,0.0
617.0,405.0,2025-10-19,ELECTRONICS,118.75,0.0
618.0,487.0,2025-12-08,RESTAURANT,100.0,0.0
619.0,52.0,2025-06-19,TRAVEL,170.31,0.0
620.0,49.0,2025-08-25,ELECTRONICS,26.75,0.0
621.0,166.0,2025-06-24,RESTAURANT,55.36,0.0
622.0,153.0,2025-08-21,ONLINE,89.34,0.0
623.0,448.0,2025-12-21,RESTAURANT,212.98,0.0
624.0,255.0,2025-10-24,ELECTRONICS,219.51,0.0
625.0,406.0,2025-03-26,GROCERY,93.3,0.0
626.0,334.0,2025-11-13,GROCERY,29.61,0.0
627.0,362.0,2025-07-12,RESTAURANT,181.25,0.0
628.0,479.0,2025-08-02,RESTAURANT,27.57,0.0
629.0,294.0,2025-02-11,FUEL,63.92,0.0
630.0,389.0,2025-06-12,RESTAURANT,118.11,0.0
631.0,135.0,2025-04-21,TRAVEL,24.4,0.0
632.0,130.0,2025-02-02,GROCERY,52.35,0.0
633.0,293.0,2025-11-07,FUEL,200.72,0.0
634.0,451.0,2025-02-17,ONLINE,170.42,0.0
635.0,26.0,2025-09-19,ELECTRONICS,33.63,0.0
636.0,251.0,2025-09-29,TRAVEL,128.79,0.0
637.0,102.0,2025-08-12,TRAVEL,17.41,0.0
638.0,443.0,2025-11-03,TRAVEL,157.82,0.0
639.0,260.0,2025-02-11,RESTAURANT,56.63,0.0
640.0,22.0,2025-01-06,GROCERY,84.68,0.0
641.0,1.0,2025-11-07,GROCERY,107.7,0.0
642.0,320.0,2025-03-08,FUEL,35.71,0.0
643.0,117.0,2025-04-19,FUEL,52.82,0.0
644.0,21.0,2025-09-09,ONLINE,299.23,1.0
645.0,77.0,2025-07-15,RESTAURANT,79.88,0.0
646.0,78.0,2025-03-15,RESTAURANT,112.33,0.0
647.0,173.0,2025-03-27,ONLINE,113.73,0.0
648.0,360.0,2025-11-02,TRAVEL,242.23,0.0
649.0,430.0,2025-07-10,FUEL,177.86,0.0
650.0,267.0,2025-12-03,GROCERY,37.58,0.0
651.0,474.0,2025-07-25,FUEL,263.23,0.0
652.0,396.0,2025-08-31,FUEL,329.9,0.0
653.0,83.0,2025-05-05,ONLINE,37.36,0.0
654.0,368.0,2025-01-11,TRAVEL,75.82,0.0
655.0,116.0,2025-07-04,ELECTRONICS,91.55,0.0
656.0,482.0,2025-09-24,FUEL,78.24,0.0
657.0,424.0,2025-05-29,ELECTRONICS,158.39,0.0
658.0,33.0,2025-11-10,GROCERY,85.12,0.0
659.0,87.0,2025-09-12,ONLINE,64.74,0.0
660.0,221.0,2025-07-04,GROCERY,163.57,0.0
661.0,371.0,2025-07-18,GROCERY,12.37,0.0
662.0,277.0,2025-03-24,GROCERY,118.91,0.0
663.0,43.0,2025-11-17,FUEL,145.41,0.0
664.0,315.0,2025-01-22,FUEL,252.0,0.0
665.0,325.0,2025-01-19,ELECTRONICS,106.13,0.0
666.0,465.0,2025-10-14,ONLINE,18.94,0.0
667.0,133.0,2025-01-10,ONLINE,111.03,0.0
668.0,20.0,2025-07-05,TRAVEL,17.29,0.0
669.0,375.0,2025-03-10,FUEL,134.34,0.0
670.0,352.0,2025-09-06,ELECTRONICS,222.89,0.0
671.0,260.0,2025-02-13,RESTAURANT,95.36,0.0
672.0,347.0,2025-04-07,FUEL,85.2,0.0
673.0,90.0,2025-07-11,ONLINE,175.06,0.0
674.0,63.0,2025-05-18,ONLINE,130.74,0.0
675.0,202.0,2025-03-15,FUEL,165.93,0.0
676.0,448.0,2025-01-23,TRAVEL,410.52,0.0
677.0,258.0,2025-01-06,ELECTRONICS,68.36,0.0
678.0,320.0,2025-03-12,ELECTRONICS,140.89,0.0
679.0,498.0,2025-04-14,GROCERY,266.26,0.0
680.0,152.0,2025-02-13,ONLINE,269.07,0.0
681.0,241.0,2025-07-05,GROCERY,150.77,0.0
682.0,343.0,2025-11-20,RESTAURANT,82.43,0.0
683.0,76.0,2025-09-18,RESTAURANT,164.39,0.0
684.0,201.0,2025-04-23,ONLINE,166.86,0.0
685.0,278.0,2025-06-10,RESTAURANT,186.98,0.0
686.0,152.0,2025-10-08,RESTAURANT,39.79,0.0
687.0,111.0,2025-12-18,FUEL,324.1,0.0
688.0,219.0,2025-07-21,FUEL,266.92,1.0
689.0,440.0,2025-03-14,GROCERY,97.71,0.0
690.0,209.0,2025-11-13,RESTAURANT,249.4,0.0
691.0,418.0,2025-07-07,FUEL,92.51,0.0
692.0,339.0,2025-01-11,GROCERY,290.09,0.0
693.0,65.0,2025-04-03,ONLINE,110.39,0.0
694.0,458.0,2025-07-14,RESTAURANT,47.91,0.0
695.0,295.0,2025-10-22,FUEL,374.75,0.0
696.0,285.0,2025-11-08,FUEL,181.79,0.0
697.0,349.0,2025-03-10,ONLINE,87.84,0.0
698.0,21.0,2025-09-21,RESTAURANT,306.46,0.0
699.0,126.0,2025-12-17,FUEL,165.67,0.0
700.0,398.0,2025-10-19,RESTAURANT,79.22,0.0
701.0,314.0,2025-09-19,RESTAURANT,309.04,0.0
702.0,195.0,2025-10-18,RESTAURANT,186.42,0.0
703.0,232.0,2025-07-23,RESTAURANT,133.22,0.0
704.0,310.0,2025-08-10,ONLINE,105.02,0.0
705.0,242.0,2025-07-14,ONLINE,46.26,0.0
706.0,229.0,2025-12-15,ELECTRONICS,6.78,0.0
707.0,276.0,2025-05-13,RESTAURANT,173.67,0.0
708.0,141.0,2025-10-11,FUEL,37.74,0.0
709.0,286.0,2025-01-08,TRAVEL,46.23,0.0
710.0,347.0,2025-06-02,ELECTRONICS,91.31,0.0
711.0,355.0,2025-12-01,ELECTRONICS,93.11,0.0
712.0,311.0,2025-03-30,ONLINE,51.99,0.0
713.0,227.0,2025-10-18,FUEL,173.56,0.0
714.0,328.0,2025-07-03,ONLINE,20.37,0.0
715.0,362.0,2025-02-19,TRAVEL,171.12,0.0
716.0,156.0,2025-02-08,ELECTRONICS,83.15,0.0
717.0,243.0,2025-02-14,FUEL,49.64,0.0
718.0,339.0,2025-06-19,RESTAURANT,22.6,0.0
719.0,332.0,2025-04-23,TRAVEL,118.85,0.0
720.0,249.0,2025-11-23,FUEL,34.94,0.0
721.0,132.0,2025-10-06,RESTAURANT,30.06,0.0
722.0,456.0,2025-02-22,FUEL,264.29,0.0
723.0,271.0,2025-07-03,TRAVEL,27.12,0.0
724.0,271.0,2025-10-07,ONLINE,19.92,0.0
725.0,234.0,2025-08-27,GROCERY,161.5,0.0
726.0,381.0,2025-01-04,FUEL,126.2,0.0
727.0,152.0,2025-01-03,RESTAURANT,64.22,0.0
728.0,469.0,2025-08-02,TRAVEL,43.53,0.0
729.0,32.0,2025-12-04,ONLINE,55.07,0.0
730.0,7.0,2025-01-19,ONLINE,65.74,0.0
731.0,256.0,2025-03-02,TRAVEL,148.38,0.0
732.0,430.0,2025-03-10,ELECTRONICS,121.01,0.0
733.0,5.0,2025-04-27,GROCERY,75.82,0.0
734.0,340.0,2025-11-21,TRAVEL,75.13,0.0
735.0,195.0,2025-12-12,TRAVEL,166.79,0.0
736.0,11.0,2025-04-22,ELECTRONICS,49.47,0.0
737.0,186.0,2025-09-25,TRAVEL,21.75,0.0
738.0,324.0,2025-01-04,TRAVEL,244.98,0.0
739.0,317.0,2025-07-06,ONLINE,75.9,0.0
740.0,425.0,2025-08-18,TRAVEL,349.63,0.0
741.0,494.0,2025-11-11,TRAVEL,67.25,0.0
742.0,28.0,2025-10-27,TRAVEL,100.72,0.0
743.0,430.0,2025-01-23,ONLINE,45.88,0.0
744.0,5.0,2025-05-31,FUEL,122.5,0.0
745.0,488.0,2025-01-28,RESTAURANT,76.68,0.0
746.0,387.0,2025-01-04,ELECTRONICS,84.39,0.0
747.0,476.0,2025-02-26,TRAVEL,109.28,0.0
748.0,34.0,2025-12-07,ELECTRONICS,68.54,0.0
749.0,38.0,2025-04-07,FUEL,119.57,0.0
750.0,493.0,2025-09-27,GROCERY,55.79,0.0
751.0,141.0,2025-09-16,FUEL,114.95,0.0
752.0,191.0,2025-11-13,ELECTRONICS,17.48,1.0
753.0,149.0,2025-07-14,FUEL,27.13,0.0
754.0,79.0,2025-12-22,TRAVEL,45.19,0.0
755.0,36.0,2025-06-05,RESTAURANT,33.09,0.0
756.0,68.0,2025-10-15,ELECTRONICS,35.75,0.0
757.0,424.0,2025-10-13,TRAVEL,141.9,0.0
758.0,14.0,2025-07-18,RESTAURANT,78.39,0.0
759.0,448.0,2025-04-26,ONLINE,68.54,0.0
760.0,111.0,2025-02-27,FUEL,120.4,0.0
761.0,303.0,2025-02-01,ELECTRONICS,127.31,0.0
762.0,129.0,2025-07-02,FUEL,62.12,0.0
763.0,446.0,2025-05-25,RESTAURANT,203.86,0.0
764.0,21.0,2025-03-18,RESTAURANT,82.06,0.0
765.0,358.0,2025-10-07,ONLINE,151.76,0.0
766.0,468.0,2025-03-01,GROCERY,55.72,0.0
767.0,221.0,2025-06-23,RESTAURANT,116.91,0.0
768.0,226.0,2025-06-06,RESTAURANT,162.06,0.0
769.0,75.0,2025-12-23,ELECTRONICS,148.93,0.0
770.0,440.0,2025-02-08,ELECTRONICS,139.2,0.0
771.0,480.0,2025-11-09,TRAVEL,53.36,0.0
772.0,249.0,2025-09-07,ONLINE,31.65,0.0
773.0,347.0,2025-10-16,RESTAURANT,28.08,0.0
774.0,380.0,2025-10-11,FUEL,65.86,0.0
775.0,178.0,2025-10-10,RESTAURANT,61.95,0.0
776.0,2.0,2025-06-08,ONLINE,128.88,0.0
777.0,65.0,2025-08-01,FUEL,97.74,0.0
778.0,449.0,2025-05-14,FUEL,28.9,0.0
779.0,400.0,2025-11-25,FUEL,182.59,0.0
780.0,48.0,2025-03-24,TRAVEL,112.17,0.0
781.0,402.0,2025-08-04,FUEL,50.24,0.0
782.0,442.0,2025-03-19,TRAVEL,58.02,0.0
783.0,272.0,2025-05-16,FUEL,243.78,0.0
784.0,226.0,2025-12-18,ELECTRONICS,33.09,0.0
785.0,500.0,2025-03-13,RESTAURANT,252.61,0.0
786.0,436.0,2025-11-20,ELECTRONICS,76.77,0.0
787.0,194.0,2025-10-24,GROCERY,81.02,0.0
788.0,239.0,2025-05-14,RESTAURANT,120.9,0.0
789.0,472.0,2025-05-16,ELECTRONICS,21.17,0.0
790.0,461.0,2025-01-03,FUEL,111.82,0.0
791.0,316.0,2025-10-16,TRAVEL,159.79,0.0
792.0,325.0,2025-09-01,ONLINE,64.39,0.0
793.0,369.0,2025-12-25,GROCERY,91.74,0.0
794.0,145.0,2025-04-17,FUEL,354.81,0.0
795.0,459.0,2025-05-26,GROCERY,172.23,0.0
796.0,148.0,2025-09-08,ONLINE,42.08,0.0
797.0,416.0,2025-05-05,RESTAURANT,61.11,0.0
798.0,411.0,2025-04-27,ONLINE,74.86,0.0
799.0,145.0,2025-03-04,RESTAURANT,-179.97,0.0
800.0,404.0,2025-12-27,GROCERY,41.94,0.0
801.0,434.0,2025-06-23,ONLINE,149.22,0.0
802.0,249.0,2025-10-08,ELECTRONICS,149.92,0.0
803.0,270.0,2025-08-27,ONLINE,96.25,0.0
804.0,255.0,2025-08-07,GROCERY,184.24,0.0
805.0,23.0,2025-04-25,GROCERY,45.87,0.0
806.0,271.0,2025-04-26,TRAVEL,210.44,0.0
807.0,337.0,2025-06-27,TRAVEL,16.53,0.0
808.0,281.0,2025-02-19,GROCERY,41.73,0.0
809.0,250.0,2025-07-16,ELECTRONICS,16.99,0.0
810.0,251.0,2025-02-03,FUEL,48.28,0.0
811.0,269.0,2025-04-11,FUEL,151.88,0.0
812.0,465.0,2025-08-20,ELECTRONICS,124.78,0.0
813.0,206.0,2025-01-09,ELECTRONICS,111.08,0.0
814.0,113.0,2025-01-17,TRAVEL,47.58,0.0
815.0,33.0,2025-03-20,GROCERY,90.54,0.0
816.0,436.0,2025-10-03,FUEL,211.91,0.0
817.0,91.0,2025-10-21,ELECTRONICS,49.42,0.0
818.0,209.0,2025-01-01,FUEL,51.48,0.0
819.0,379.0,2025-04-12,ELECTRONICS,53.42,0.0
820.0,90.0,2025-01-21,ONLINE,106.68,0.0
821.0,118.0,2025-01-06,RESTAURANT,142.28,0.0
822.0,318.0,2025-12-10,GROCERY,166.25,0.0
823.0,314.0,2025-06-05,FUEL,74.7,0.0
824.0,122.0,2025-10-18,TRAVEL,69.1,0.0
825.0,271.0,2025-09-07,TRAVEL,58.81,0.0
826.0,353.0,2025-06-14,ELECTRONICS,135.89,0.0
827.0,111.0,2025-10-02,ONLINE,22.04,0.0
828.0,222.0,2025-04-01,RESTAURANT,82.92,0.0
829.0,141.0,2025-06-01,FUEL,83.35,0.0
830.0,471.0,2025-05-19,FUEL,151.42,0.0
831.0,192.0,2025-07-28,RESTAURANT,29.19,0.0
832.0,428.0,2025-03-18,ELECTRONICS,159.87,0.0
833.0,441.0,2025-09-30,GROCERY,129.9,0.0
834.0,84.0,2025-11-04,RESTAURANT,302.65,0.0
835.0,471.0,2025-11-21,RESTAURANT,265.0,0.0
836.0,25.0,2025-11-23,GROCERY,201.62,0.0
837.0,194.0,2025-08-22,FUEL,11.73,0.0
838.0,80.0,2025-10-19,GROCERY,32.09,0.0
839.0,24.0,2025-09-10,FUEL,184.75,0.0
840.0,276.0,2025-12-14,FUEL,81.34,0.0
841.0,301.0,2025-02-06,RESTAURANT,264.71,0.0
842.0,291.0,2025-03-14,TRAVEL,98.05,0.0
843.0,209.0,2025-06-03,ELECTRONICS,147.69,0.0
844.0,394.0,2025-08-15,FUEL,140.21,0.0
845.0,247.0,2025-11-21,GROCERY,96.09,0.0
846.0,268.0,2025-02-04,FUEL,186.9,0.0
847.0,221.0,2025-02-28,GROCERY,156.06,0.0
848.0,104.0,2025-11-11,ONLINE,35.12,0.0
849.0,328.0,2025-04-24,TRAVEL,370.78,0.0
850.0,415.0,2025-01-07,ONLINE,32.13,0.0
851.0,153.0,2025-09-05,FUEL,51.3,0.0
852.0,232.0,2025-11-17,FUEL,145.91,0.0
853.0,447.0,2025-11-26,FUEL,127.0,0.0
854.0,104.0,2025-11-08,FUEL,165.39,0.0
855.0,211.0,2025-01-22,FUEL,79.19,0.0
856.0,135.0,2025-02-19,ELECTRONICS,133.84,0.0
857.0,171.0,2025-11-14,ELECTRONICS,54.44,0.0
858.0,230.0,2025-09-10,FUEL,98.03,1.0
859.0,462.0,2025-03-22,RESTAURANT,243.57,0.0
860.0,7.0,2025-05-22,TRAVEL,31.97,0.0
861.0,180.0,2025-11-11,TRAVEL,194.93,0.0
862.0,433.0,2025-12-06,ONLINE,83.86,0.0
863.0,42.0,2025-11-21,ONLINE,44.56,0.0
864.0,254.0,2025-06-18,RESTAURANT,47.42,0.0
865.0,78.0,2025-10-11,RESTAURANT,81.89,0.0
866.0,280.0,2025-01-17,FUEL,201.16,0.0
867.0,358.0,2025-12-04,ONLINE,133.26,0.0
868.0,318.0,2025-03-23,GROCERY,29.37,0.0
869.0,282.0,2025-12-17,GROCERY,188.05,0.0
870.0,372.0,2025-01-06,TRAVEL,166.92,0.0
871.0,268.0,2025-12-04,RESTAURANT,16.76,0.0
872.0,307.0,2025-07-12,FUEL,42.7,0.0
873.0,41.0,2025-07-07,RESTAURANT,215.6,0.0
874.0,11.0,2025-09-04,RESTAURANT,96.48,0.0
875.0,83.0,2025-06-19,GROCERY,187.26,0.0
876.0,270.0,2025-12-14,GROCERY,7.92,0.0
877.0,199.0,2025-02-08,ELECTRONICS,4.16,0.0
878.0,184.0,2025-08-28,ELECTRONICS,153.24,0.0
879.0,225.0,2025-03-20,GROCERY,59.11,0.0
880.0,495.0,2025-01-14,RESTAURANT,159.43,0.0
881.0,189.0,2025-08-27,ELECTRONICS,188.98,0.0
882.0,223.0,2025-09-05,FUEL,60.05,0.0
883.0,252.0,2025-02-16,GROCERY,89.59,0.0
884.0,388.0,2025-09-23,RESTAURANT,74.6,0.0
885.0,367.0,2025-12-10,ELECTRONICS,59.2,0.0
886.0,490.0,2025-09-11,TRAVEL,113.88,0.0
887.0,318.0,2025-03-24,ONLINE,175.71,0.0
888.0,477.0,2025-01-31,TRAVEL,51.67,0.0
889.0,306.0,2025-02-02,TRAVEL,51.44,0.0
890.0,270.0,2025-08-14,ELECTRONICS,60.51,0.0
891.0,279.0,2025-03-27,TRAVEL,146.07,0.0
892.0,241.0,2025-05-16,ONLINE,188.07,0.0
893.0,101.0,2025-01-18,RESTAURANT,73.57,0.0
894.0,184.0,2025-06-10,ONLINE,12.61,0.0
895.0,303.0,2025-03-02,FUEL,37.85,0.0
896.0,304.0,2025-06-06,ONLINE,69.98,0.0
897.0,80.0,2025-08-03,GROCERY,45.85,0.0
898.0,402.0,2025-12-17,TRAVEL,29.13,0.0
899.0,357.0,2025-04-16,TRAVEL,99.99,0.0
900.0,263.0,2025-04-28,FUEL,431.63,0.0
901.0,227.0,2025-10-20,FUEL,40.29,0.0
902.0,279.0,2025-12-14,GROCERY,114.68,0.0
903.0,291.0,2025-05-28,ONLINE,141.03,0.0
904.0,214.0,2025-05-07,RESTAURANT,149.26,0.0
905.0,432.0,2025-09-18,RESTAURANT,91.74,0.0
906.0,80.0,2025-10-02,ELECTRONICS,30.66,0.0
907.0,187.0,2025-09-16,GROCERY,174.96,0.0
908.0,199.0,2025-08-22,FUEL,19.84,0.0
909.0,50.0,2025-02-19,ONLINE,84.51,0.0
910.0,45.0,2025-04-06,TRAVEL,77.83,0.0
911.0,446.0,2025-01-21,TRAVEL,33.24,0.0
912.0,388.0,2025-05-23,GROCERY,60.51,0.0
913.0,183.0,2025-11-04,ONLINE,145.69,0.0
914.0,134.0,2025-03-23,ONLINE,84.49,0.0
915.0,204.0,2025-09-13,TRAVEL,23.89,0.0
916.0,353.0,2025-06-03,RESTAURANT,160.55,0.0
917.0,149.0,2025-03-05,ELECTRONICS,296.84,0.0
918.0,34.0,2025-03-23,FUEL,27.6,0.0
919.0,211.0,2025-09-06,ONLINE,90.1,0.0
920.0,300.0,2025-10-16,GROCERY,92.7,0.0
921.0,261.0,2025-05-01,ONLINE,26.89,0.0
922.0,87.0,2025-12-01,RESTAURANT,220.57,0.0
923.0,422.0,2025-01-21,ELECTRONICS,94.26,0.0
924.0,316.0,2025-07-29,TRAVEL,179.15,0.0
925.0,361.0,2025-03-25,ELECTRONICS,120.01,1.0
926.0,479.0,2025-11-22,ELECTRONICS,214.98,0.0
927.0,257.0,2025-10-03,FUEL,118.74,0.0
928.0,290.0,2025-01-22,ONLINE,66.19,0.0
929.0,382.0,2025-05-23,ONLINE,137.84,0.0
930.0,387.0,2025-09-30,ELECTRONICS,46.98,0.0
931.0,424.0,2025-07-18,ELECTRONICS,147.64,0.0
932.0,353.0,2025-06-28,FUEL,40.22,0.0
933.0,30.0,2025-02-19,TRAVEL,87.68,0.0
934.0,176.0,2025-07-28,RESTAURANT,74.67,0.0
935.0,297.0,2025-02-03,FUEL,112.6,0.0
936.0,223.0,2025-04-27,GROCERY,239.09,0.0
937.0,22.0,2025-03-29,FUEL,58.77,0.0
938.0,134.0,2025-08-28,RESTAURANT,171.26,0.0
939.0,155.0,2025-06-22,ONLINE,219.82,0.0
940.0,19.0,2025-06-05,ELECTRONICS,167.63,0.0
941.0,382.0,2025-11-06,ELECTRONICS,111.99,0.0
942.0,189.0,2025-05-23,RESTAURANT,107.8,0.0
943.0,396.0,2025-10-06,FUEL,55.72,0.0
944.0,436.0,2025-11-21,GROCERY,20.23,0.0
945.0,442.0,2025-02-28,FUEL,96.89,0.0
946.0,455.0,2025-09-29,GROCERY,232.89,0.0
947.0,250.0,2025-01-27,ELECTRONICS,255.03,0.0
948.0,122.0,2025-08-23,TRAVEL,25.04,0.0
949.0,43.0,2025-03-24,FUEL,249.81,0.0
950.0,312.0,2025-04-04,ONLINE,142.47,0.0
951.0,64.0,2025-11-08,TRAVEL,131.08,0.0
952.0,121.0,2025-03-10,ELECTRONICS,231.72,0.0
953.0,123.0,2025-07-08,TRAVEL,188.3,0.0
954.0,137.0,2025-10-13,ELECTRONICS,39.59,0.0
955.0,187.0,2025-10-22,ONLINE,50.32,0.0
956.0,166.0,2025-03-16,RESTAURANT,17.55,0.0
957.0,264.0,2025-05-15,TRAVEL,126.85,0.0
958.0,479.0,2025-07-25,GROCERY,44.09,0.0
959.0,323.0,2025-08-04,FUEL,64.23,0.0
960.0,339.0,2025-03-01,FUEL,213.2,0.0
961.0,82.0,2025-08-06,ELECTRONICS,139.33,0.0
962.0,58.0,2025-01-01,ELECTRONICS,142.0,0.0
963.0,95.0,2025-08-17,TRAVEL,365.94,0.0
964.0,425.0,2025-09-26,ONLINE,2.16,0.0
965.0,87.0,2025-06-21,ELECTRONICS,46.35,0.0
966.0,492.0,2025-03-31,ONLINE,74.33,0.0
967.0,378.0,2025-03-29,FUEL,49.15,0.0
968.0,415.0,2025-09-09,FUEL,178.12,0.0
969.0,152.0,2025-06-06,ELECTRONICS,81.55,0.0
970.0,79.0,2025-12-06,RESTAURANT,35.67,0.0
971.0,84.0,2025-12-22,TRAVEL,118.89,0.0
972.0,429.0,2025-06-08,ELECTRONICS,133.92,0.0
973.0,216.0,2025-04-10,RESTAURANT,38.55,0.0
974.0,205.0,2025-10-24,TRAVEL,84.76,0.0
975.0,124.0,2025-09-22,ONLINE,136.23,0.0
976.0,179.0,2025-03-02,ELECTRONICS,221.46,0.0
977.0,185.0,2025-12-11,FUEL,53.8,0.0
978.0,375.0,2025-03-15,RESTAURANT,147.23,0.0
979.0,413.0,2025-07-26,ELECTRONICS,60.96,0.0
980.0,234.0,2025-03-10,GROCERY,103.03,0.0
981.0,167.0,2025-06-28,ELECTRONICS,41.87,0.0
982.0,226.0,2025-08-17,TRAVEL,144.04,0.0
983.0,88.0,2025-02-14,TRAVEL,196.43,0.0
984.0,35.0,2025-04-05,TRAVEL,87.73,0.0
985.0,117.0,2025-10-02,RESTAURANT,79.14,0.0
986.0,13.0,2025-12-15,GROCERY,73.27,0.0
987.0,18.0,2025-11-29,FUEL,31.88,0.0
988.0,120.0,2025-10-02,GROCERY,164.73,0.0
989.0,451.0,2025-12-24,GROCERY,217.62,0.0
990.0,93.0,2025-03-02,GROCERY,51.17,0.0
991.0,349.0,2025-03-15,ELECTRONICS,113.72,0.0
992.0,74.0,2025-05-29,GROCERY,141.25,0.0
993.0,232.0,2025-12-02,FUEL,60.08,0.0
994.0,304.0,2025-10-19,ONLINE,254.32,0.0
995.0,281.0,2025-05-16,FUEL,115.29,1.0
996.0,400.0,2025-01-06,RESTAURANT,25.0,0.0
997.0,128.0,2025-08-14,ELECTRONICS,203.67,0.0
998.0,372.0,2025-04-23,RESTAURANT,90.47,0.0
999.0,202.0,2025-03-23,TRAVEL,68.97,0.0
1000.0,223.0,2025-03-20,ELECTRONICS,156.06,0.0
1001.0,160.0,2025-04-01,RESTAURANT,61.8,0.0
1002.0,499.0,2025-04-27,GROCERY,243.64,0.0
1003.0,413.0,2025-08-14,ONLINE,208.57,0.0
1004.0,232.0,2025-03-01,TRAVEL,266.27,0.0
1005.0,372.0,2025-06-26,FUEL,352.67,0.0
1006.0,458.0,2025-12-03,GROCERY,139.7,0.0
1007.0,142.0,2025-12-19,FUEL,97.09,0.0
1008.0,164.0,2025-10-30,FUEL,59.75,0.0
1009.0,382.0,2025-04-07,GROCERY,149.54,0.0
1010.0,142.0,2025-02-23,ONLINE,346.31,0.0
1011.0,47.0,2025-11-17,ONLINE,32.11,0.0
1012.0,298.0,2025-05-28,ELECTRONICS,122.56,0.0
1013.0,102.0,2025-06-18,TRAVEL,24.62,0.0
1014.0,294.0,2025-06-05,RESTAURANT,23.56,0.0
1015.0,54.0,2025-02-19,RESTAURANT,222.52,0.0
1016.0,240.0,2025-09-21,RESTAURANT,198.65,0.0
1017.0,120.0,2025-03-29,ELECTRONICS,57.14,0.0
1018.0,265.0,2025-03-27,ONLINE,37.86,0.0
1019.0,114.0,2025-10-03,GROCERY,273.26,0.0
1020.0,126.0,2025-09-18,ELECTRONICS,40.53,0.0
1021.0,451.0,2025-10-29,GROCERY,29.48,0.0
1022.0,491.0,2025-09-15,ELECTRONICS,41.78,0.0
1023.0,164.0,2025-01-15,RESTAURANT,132.0,0.0
1024.0,323.0,2025-06-02,FUEL,385.12,0.0
1025.0,178.0,2025-05-30,ELECTRONICS,60.54,0.0
1026.0,86.0,2025-04-28,ELECTRONICS,220.6,0.0
1027.0,50.0,2025-06-30,GROCERY,106.92,0.0
1028.0,446.0,2025-07-01,RESTAURANT,12.74,0.0
1029.0,33.0,2025-08-13,GROCERY,62.15,0.0
1030.0,247.0,2025-12-17,ONLINE,200.18,0.0
1031.0,110.0,2025-08-26,RESTAURANT,192.82,0.0
1032.0,381.0,2025-12-07,ELECTRONICS,54.73,0.0
1033.0,68.0,2025-10-31,ONLINE,164.13,0.0
1034.0,289.0,2025-09-25,RESTAURANT,88.98,0.0
1035.0,173.0,2025-04-10,GROCERY,128.32,0.0
1036.0,261.0,2025-07-30,TRAVEL,229.1,0.0
1037.0,94.0,2025-02-10,FUEL,56.68,0.0
1038.0,59.0,2025-12-04,GROCERY,71.64,0.0
1039.0,90.0,2025-03-10,ELECTRONICS,232.0,0.0
1040.0,289.0,2025-03-29,ONLINE,358.8,0.0
1041.0,324.0,2025-12-08,ONLINE,183.28,0.0
1042.0,453.0,2025-02-14,RESTAURANT,122.53,0.0
1043.0,472.0,2025-07-19,GROCERY,182.11,0.0
1044.0,377.0,2025-07-29,TRAVEL,61.86,0.0
1045.0,7.0,2025-03-21,ONLINE,102.29,0.0
1046.0,352.0,2025-05-23,RESTAURANT,23.28,0.0
1047.0,353.0,2025-10-14,TRAVEL,63.05,0.0
1048.0,354.0,2025-09-17,FUEL,134.19,0.0
1049.0,330.0,2025-08-03,RESTAURANT,113.74,0.0
1050.0,344.0,2025-07-18,RESTAURANT,8.17,0.0
1051.0,293.0,2025-05-15,FUEL,80.83,0.0
1052.0,310.0,2025-08-16,GROCERY,112.02,0.0
1053.0,347.0,2025-01-07,GROCERY,115.29,0.0
1054.0,22.0,2025-01-26,TRAVEL,28.86,0.0
1055.0,255.0,2025-10-13,GROCERY,166.35,0.0
1056.0,64.0,2025-03-05,RESTAURANT,325.69,0.0
1057.0,464.0,2025-09-19,GROCERY,180.65,0.0
1058.0,495.0,2025-01-06,ONLINE,102.35,0.0
1059.0,80.0,2025-04-06,GROCERY,277.69,0.0
1060.0,446.0,2025-12-09,TRAVEL,62.01,0.0
1061.0,237.0,2025-04-07,TRAVEL,151.34,0.0
1062.0,337.0,2025-12-25,ONLINE,94.12,0.0
1063.0,327.0,2025-04-10,RESTAURANT,279.75,0.0
1064.0,59.0,2025-08-21,FUEL,43.37,0.0
1065.0,455.0,2025-09-02,FUEL,43.27,0.0
1066.0,321.0,2025-08-20,RESTAURANT,235.64,0.0
1067.0,244.0,2025-04-18,GROCERY,143.58,0.0
1068.0,308.0,2025-10-04,ELECTRONICS,248.76,0.0
1069.0,489.0,2025-04-24,RESTAURANT,47.27,0.0
1070.0,324.0,2025-10-25,ONLINE,55.38,0.0
1071.0,329.0,2025-05-18,ELECTRONICS,125.98,0.0
1072.0,439.0,2025-11-02,ONLINE,24.35,0.0
1073.0,350.0,2025-12-24,ONLINE,119.55,0.0
1074.0,72.0,2025-10-03,RESTAURANT,70.72,0.0
1075.0,410.0,2025-06-17,FUEL,93.69,0.0
1076.0,450.0,2025-06-04,TRAVEL,165.64,0.0
1077.0,367.0,2025-05-18,RESTAURANT,171.74,0.0
1078.0,77.0,2025-05-09,RESTAURANT,314.88,0.0
1079.0,262.0,2025-06-21,GROCERY,211.6,0.0
1080.0,28.0,2025-06-27,TRAVEL,13.22,0.0
1081.0,387.0,2025-09-20,TRAVEL,46.72,0.0
1082.0,479.0,2025-11-21,GROCERY,50.39,0.0
1083.0,18.0,2025-11-19,FUEL,196.86,0.0
1084.0,55.0,2025-08-09,FUEL,285.18,0.0
1085.0,467.0,2025-12-28,ELECTRONICS,32.91,0.0
1086.0,400.0,2025-11-23,GROCERY,200.35,0.0
1087.0,412.0,2025-06-27,RESTAURANT,102.5,0.0
1088.0,105.0,2025-05-31,ONLINE,91.58,0.0
1089.0,319.0,2025-06-17,RESTAURANT,61.18,0.0
1090.0,415.0,2025-01-09,GROCERY,81.75,0.0
1091.0,35.0,2025-05-01,RESTAURANT,119.99,0.0
1092.0,142.0,2025-05-20,GROCERY,67.4,0.0
1093.0,148.0,2025-10-12,GROCERY,0.0,0.0
1094.0,271.0,2025-04-06,FUEL,91.9,0.0
1095.0,127.0,2025-08-28,GROCERY,84.04,0.0
1096.0,171.0,2025-04-28,TRAVEL,157.66,0.0
1097.0,129.0,2025-05-13,ELECTRONICS,128.62,0.0
1098.0,32.0,2025-01-26,ELECTRONICS,8.79,0.0
1099.0,337.0,2025-07-09,GROCERY,142.8,0.0
1100.0,320.0,2025-02-05,RESTAURANT,123.35,0.0
1101.0,439.0,2025-03-17,RESTAURANT,220.93,0.0
1102.0,289.0,2025-07-03,ONLINE,127.04,0.0
1103.0,341.0,2025-09-11,FUEL,78.09,0.0
1104.0,180.0,2025-05-28,GROCERY,59.19,0.0
1105.0,195.0,2025-04-03,RESTAURANT,19.96,0.0
1106.0,207.0,2025-11-24,TRAVEL,101.38,0.0
1107.0,485.0,2025-05-08,ELECTRONICS,50.91,0.0
1108.0,237.0,2025-04-28,TRAVEL,243.93,0.0
1109.0,432.0,2025-01-25,GROCERY,104.77,0.0
1110.0,161.0,2025-05-09,ONLINE,38.83,0.0
1111.0,343.0,2025-03-22,ELECTRONICS,14.34,0.0
1112.0,138.0,2025-05-10,FUEL,21.22,0.0
1113.0,199.0,2025-03-13,GROCERY,134.31,0.0
1114.0,430.0,2025-03-13,FUEL,263.02,0.0
1115.0,342.0,2025-09-26,TRAVEL,155.04,0.0
1116.0,244.0,2025-06-23,GROCERY,93.47,0.0
1117.0,204.0,2025-09-11,ONLINE,363.48,0.0
1118.0,400.0,2025-07-30,FUEL,179.48,0.0
1119.0,78.0,2025-07-16,ELECTRONICS,127.9,0.0
1120.0,425.0,2025-06-20,ONLINE,76.36,0.0
1121.0,310.0,2025-05-22,RESTAURANT,272.22,0.0
1122.0,165.0,2025-04-06,ONLINE,82.43,0.0
1123.0,350.0,2025-11-21,TRAVEL,50.74,0.0
1124.0,496.0,2025-05-30,GROCERY,96.61,0.0
1125.0,175.0,2025-11-19,RESTAURANT,112.02,0.0
1126.0,197.0,2025-10-08,TRAVEL,190.46,0.0
1127.0,465.0,2025-08-09,GROCERY,49.69,0.0
1128.0,173.0,2025-11-04,FUEL,58.18,0.0
1129.0,428.0,2025-08-29,ELECTRONICS,60.89,0.0
1130.0,450.0,2025-10-25,FUEL,92.66,0.0
1131.0,292.0,2025-10-18,ELECTRONICS,39.61,0.0
1132.0,42.0,2025-08-24,RESTAURANT,241.92,0.0
1133.0,31.0,2025-09-21,FUEL,21.48,0.0
1134.0,141.0,2025-10-26,TRAVEL,277.54,0.0
1135.0,9.0,2025-03-24,RESTAURANT,177.4,0.0
1136.0,382.0,2025-11-16,GROCERY,46.97,0.0
1137.0,320.0,2025-07-03,ONLINE,86.84,0.0
1138.0,228.0,2025-02-14,RESTAURANT,53.99,0.0
1139.0,407.0,2025-02-25,ONLINE,179.56,0.0
1140.0,67.0,2025-10-01,ELECTRONICS,258.24,0.0
1141.0,251.0,2025-10-23,GROCERY,585.71,0.0
1142.0,170.0,2025-08-27,RESTAURANT,147.98,0.0
1143.0,12.0,2025-08-27,RESTAURANT,22.14,0.0
1144.0,240.0,2025-11-12,FUEL,43.71,0.0
1145.0,73.0,2025-12-24,ONLINE,142.67,0.0
1146.0,23.0,2025-10-31,FUEL,89.84,0.0
1147.0,106.0,2025-02-19,ELECTRONICS,175.65,0.0
1148.0,98.0,2025-10-20,TRAVEL,129.61,0.0
1149.0,314.0,2025-07-06,RESTAURANT,47.61,0.0
1150.0,397.0,2025-10-19,RESTAURANT,78.81,0.0
1151.0,244.0,2025-09-22,FUEL,181.68,0.0
1152.0,321.0,2025-09-05,RESTAURANT,135.09,0.0
1153.0,52.0,2025-11-13,FUEL,177.05,0.0
1154.0,394.0,2025-02-25,TRAVEL,30.61,0.0
1155.0,251.0,2025-11-08,ELECTRONICS,50.67,0.0
1156.0,215.0,2025-05-07,RESTAURANT,230.03,0.0
1157.0,435.0,2025-03-15,ELECTRONICS,31.86,0.0
1158.0,157.0,2025-09-20,RESTAURANT,169.66,0.0
1159.0,220.0,2025-12-25,GROCERY,28.27,0.0
1160.0,464.0,2025-02-02,TRAVEL,110.69,0.0
1161.0,75.0,2025-12-25,RESTAURANT,69.67,0.0
1162.0,261.0,2025-05-06,GROCERY,47.0,0.0
1163.0,290.0,2025-12-20,FUEL,117.52,0.0
1164.0,351.0,2025-01-18,RESTAURANT,222.34,0.0
1165.0,465.0,2025-08-12,FUEL,57.04,0.0
1166.0,172.0,2025-07-15,ELECTRONICS,10.97,0.0
1167.0,58.0,2025-10-31,GROCERY,91.9,0.0
1168.0,200.0,2025-06-22,TRAVEL,46.56,0.0
1169.0,79.0,2025-01-28,ONLINE,184.34,0.0
1170.0,364.0,2025-03-09,ELECTRONICS,69.5,0.0
1171.0,284.0,2025-04-04,ELECTRONICS,58.9,0.0
1172.0,379.0,2025-11-15,TRAVEL,76.02,0.0
1173.0,170.0,2025-02-03,TRAVEL,222.26,0.0
1174.0,478.0,2025-11-03,TRAVEL,140.08,0.0
1175.0,448.0,2025-07-04,RESTAURANT,40.47,0.0
1176.0,458.0,2025-07-26,ONLINE,30.56,0.0
1177.0,357.0,2025-12-19,RESTAURANT,274.9,0.0
1178.0,94.0,2025-10-07,FUEL,57.68,0.0
1179.0,74.0,2025-08-25,RESTAURANT,226.88,0.0
1180.0,479.0,2025-10-28,ONLINE,88.97,0.0
1181.0,436.0,2025-06-18,ONLINE,51.39,0.0
1182.0,441.0,2025-12-06,TRAVEL,54.99,0.0
1183.0,322.0,2025-10-17,GROCERY,92.35,0.0
1184.0,429.0,2025-12-23,TRAVEL,10.32,0.0
1185.0,247.0,2025-07-20,FUEL,52.92,0.0
1186.0,82.0,2025-08-23,FUEL,343.7,0.0
1187.0,129.0,2025-06-17,GROCERY,412.63,0.0
1188.0,426.0,2025-12-04,RESTAURANT,57.88,0.0
1189.0,325.0,2025-08-18,FUEL,163.34,0.0
1190.0,499.0,2025-02-27,FUEL,137.27,0.0
1191.0,450.0,2025-07-06,GROCERY,34.99,0.0
1192.0,380.0,2025-02-18,FUEL,165.33,0.0
1193.0,20.0,2025-08-23,FUEL,74.6,0.0
1194.0,93.0,2025-09-13,GROCERY,107.23,0.0
1195.0,188.0,2025-10-20,RESTAURANT,189.36,0.0
1196.0,18.0,2025-02-25,GROCERY,78.8,0.0
1197.0,468.0,2025-06-18,ONLINE,78.08,0.0
1198.0,115.0,2025-05-10,ELECTRONICS,152.57,0.0
1199.0,192.0,2025-06-01,TRAVEL,231.55,0.0
1200.0,338.0,2025-12-09,RESTAURANT,146.37,0.0
1201.0,18.0,2025-07-23,ONLINE,81.22,0.0
1202.0,319.0,2025-06-11,GROCERY,214.79,0.0
1203.0,51.0,2025-11-27,TRAVEL,133.17,0.0
1204.0,452.0,2025-07-14,TRAVEL,266.15,0.0
1205.0,346.0,2025-06-04,GROCERY,315.16,0.0
1206.0,168.0,2025-07-17,FUEL,144.62,0.0
1207.0,351.0,2025-11-06,FUEL,253.37,0.0
1208.0,158.0,2025-06-15,GROCERY,258.58,0.0
1209.0,58.0,2025-08-14,GROCERY,96.4,0.0
1210.0,5.0,2025-03-07,GROCERY,258.52,0.0
1211.0,110.0,2025-01-05,ELECTRONICS,111.09,0.0
1212.0,354.0,2025-01-25,ONLINE,176.82,0.0
1213.0,282.0,2025-06-23,ONLINE,102.74,0.0
1214.0,137.0,2025-09-20,GROCERY,25.48,0.0
1215.0,344.0,2025-03-18,GROCERY,376.9,0.0
1216.0,195.0,2025-12-11,ELECTRONICS,171.83,0.0
1217.0,79.0,2025-02-24,ELECTRONICS,182.8,0.0
1218.0,340.0,2025-09-12,ONLINE,119.51,0.0
1219.0,229.0,2025-03-27,GROCERY,257.25,0.0
1220.0,333.0,2025-01-22,GROCERY,94.67,0.0
1221.0,282.0,2025-09-18,ELECTRONICS,99.72,0.0
1222.0,51.0,2025-07-09,ONLINE,40.95,0.0
1223.0,25.0,2025-08-17,TRAVEL,129.0,0.0
1224.0,51.0,2025-12-10,GROCERY,248.33,0.0
1225.0,112.0,2025-07-15,ONLINE,95.61,0.0
1226.0,113.0,2025-11-04,ELECTRONICS,35.74,0.0
1227.0,460.0,2025-06-30,ELECTRONICS,213.42,0.0
1228.0,392.0,2025-05-08,FUEL,153.62,0.0
1229.0,440.0,2025-05-23,GROCERY,347.49,0.0
1230.0,238.0,2025-05-06,FUEL,55.08,0.0
1231.0,162.0,2025-11-20,FUEL,172.29,0.0
1232.0,202.0,2025-07-06,ELECTRONICS,34.22,0.0
1233.0,434.0,2025-12-07,GROCERY,105.0,0.0
1234.0,178.0,2025-04-02,ELECTRONICS,121.04,0.0
1235.0,317.0,2025-10-07,FUEL,22.55,0.0
1236.0,73.0,2025-02-12,FUEL,235.93,0.0
1237.0,491.0,2025-04-16,GROCERY,192.72,0.0
1238.0,321.0,2025-01-13,ELECTRONICS,153.61,0.0
1239.0,484.0,2025-11-30,GROCERY,36.5,0.0
1240.0,148.0,2025-04-19,TRAVEL,59.96,0.0
1241.0,309.0,2025-10-26,GROCERY,208.73,0.0
1242.0,138.0,2025-06-05,TRAVEL,104.19,0.0
1243.0,234.0,2025-02-15,ONLINE,88.46,0.0
1244.0,162.0,2025-05-06,ELECTRONICS,253.18,0.0
1245.0,72.0,2025-05-05,ELECTRONICS,117.7,0.0
1246.0,222.0,2025-07-05,GROCERY,39.65,0.0
1247.0,266.0,2025-04-30,ELECTRONICS,206.92,0.0
1248.0,79.0,2025-09-04,GROCERY,34.84,0.0
1249.0,200.0,2025-09-24,FUEL,104.89,0.0
1250.0,47.0,2025-02-26,TRAVEL,130.52,0.0
1251.0,323.0,2025-07-11,FUEL,177.03,0.0
1252.0,157.0,2025-07-31,RESTAURANT,27.31,0.0
1253.0,45.0,2025-04-08,ELECTRONICS,8.12,0.0
1254.0,257.0,2025-10-09,ONLINE,8.59,0.0
1255.0,418.0,2025-03-26,ONLINE,275.26,0.0
1256.0,496.0,2025-11-15,RESTAURANT,22.64,0.0
1257.0,484.0,2025-06-16,TRAVEL,324.2,0.0
1258.0,87.0,2025-05-14,ONLINE,222.74,0.0
1259.0,105.0,2025-09-01,ONLINE,46.56,0.0
1260.0,447.0,2025-08-15,GROCERY,12.69,0.0
1261.0,317.0,2025-07-05,GROCERY,111.21,0.0
1262.0,272.0,2025-09-08,RESTAURANT,68.34,0.0
1263.0,401.0,2025-04-06,FUEL,256.09,0.0
1264.0,33.0,2025-10-23,RESTAURANT,129.53,0.0
1265.0,278.0,2025-08-15,RESTAURANT,105.84,0.0
1266.0,287.0,2025-03-19,ELECTRONICS,88.85,0.0
1267.0,468.0,2025-12-31,TRAVEL,176.69,0.0
1268.0,234.0,2025-11-12,RESTAURANT,98.35,0.0
1269.0,256.0,2025-03-06,ELECTRONICS,368.16,0.0
1270.0,401.0,2025-10-14,ONLINE,21.73,0.0
1271.0,136.0,2025-07-12,GROCERY,81.31,0.0
1272.0,35.0,2025-10-08,TRAVEL,158.86,0.0
1273.0,236.0,2025-05-18,ELECTRONICS,143.98,0.0
1274.0,306.0,2025-03-31,FUEL,367.46,0.0
1275.0,244.0,2025-03-21,ELECTRONICS,55.98,0.0
1276.0,354.0,2025-01-25,RESTAURANT,3.4,0.0
1277.0,127.0,2025-11-16,ONLINE,210.8,0.0
1278.0,8.0,2025-04-25,GROCERY,124.95,0.0
1279.0,394.0,2025-12-16,FUEL,212.11,0.0
1280.0,426.0,2025-03-24,ONLINE,138.82,0.0
1281.0,309.0,2025-05-08,GROCERY,6.53,0.0
1282.0,157.0,2025-11-17,ELECTRONICS,145.45,0.0
1283.0,186.0,2025-05-07,RESTAURANT,55.61,0.0
1284.0,240.0,2025-10-04,ELECTRONICS,81.37,0.0
1285.0,211.0,2025-02-03,ELECTRONICS,95.73,0.0
1286.0,112.0,2025-12-15,RESTAURANT,34.81,0.0
1287.0,186.0,2025-08-14,GROCERY,53.91,0.0
1288.0,150.0,2025-10-01,GROCERY,185.44,0.0
1289.0,224.0,2025-01-10,TRAVEL,185.23,0.0
1290.0,188.0,2025-12-19,TRAVEL,18.95,0.0
1291.0,265.0,2025-07-01,RESTAURANT,126.01,0.0
1292.0,404.0,2025-03-19,ELECTRONICS,200.07,0.0
1293.0,166.0,2025-02-25,FUEL,116.39,0.0
1294.0,29.0,2025-02-01,TRAVEL,131.6,0.0
1295.0,410.0,2025-09-03,FUEL,20.66,0.0
1296.0,94.0,2025-03-19,GROCERY,249.35,0.0
1297.0,465.0,2025-12-06,GROCERY,38.01,0.0
1298.0,265.0,2025-03-25,ONLINE,77.89,0.0
1299.0,262.0,2025-02-02,TRAVEL,201.38,0.0
1300.0,205.0,2025-11-08,RESTAURANT,311.07,0.0
1301.0,356.0,2025-10-11,FUEL,83.37,0.0
1302.0,327.0,2025-07-09,RESTAURANT,429.78,0.0
1303.0,466.0,2025-10-31,TRAVEL,119.61,0.0
1304.0,9.0,2025-09-22,ELECTRONICS,109.39,0.0
1305.0,96.0,2025-03-06,TRAVEL,43.6,0.0
1306.0,139.0,2025-06-01,ONLINE,79.32,0.0
1307.0,95.0,2025-12-03,GROCERY,127.73,0.0
1308.0,475.0,2025-09-05,GROCERY,160.4,0.0
1309.0,37.0,2025-08-15,FUEL,154.95,0.0
1310.0,61.0,2025-03-06,ELECTRONICS,72.39,0.0
1311.0,222.0,2025-07-15,GROCERY,273.56,0.0
1312.0,133.0,2025-03-02,ELECTRONICS,112.24,0.0
1313.0,166.0,2025-09-03,TRAVEL,106.59,0.0
1314.0,302.0,2025-03-23,ELECTRONICS,40.75,0.0
1315.0,281.0,2025-04-16,ONLINE,172.48,0.0
1316.0,433.0,2025-07-29,FUEL,101.83,0.0
1317.0,226.0,2025-01-10,GROCERY,84.3,0.0
1318.0,469.0,2025-09-13,GROCERY,29.11,0.0
1319.0,96.0,2025-06-11,ELECTRONICS,30.41,0.0
1320.0,98.0,2025-07-06,GROCERY,138.03,0.0
1321.0,196.0,2025-09-29,ELECTRONICS,301.48,0.0
1322.0,59.0,2025-10-09,GROCERY,89.75,0.0
1323.0,15.0,2025-12-02,ONLINE,89.25,0.0
1324.0,186.0,2025-03-07,RESTAURANT,174.03,0.0
1325.0,269.0,2025-06-06,RESTAURANT,243.13,0.0
1326.0,139.0,2025-02-04,FUEL,66.75,0.0
1327.0,136.0,2025-04-07,GROCERY,41.38,0.0
1328.0,49.0,2025-07-21,RESTAURANT,99.66,0.0
1329.0,57.0,2025-02-17,ONLINE,153.35,0.0
1330.0,442.0,2025-06-12,RESTAURANT,8.66,0.0
1331.0,33.0,2025-12-08,TRAVEL,74.92,0.0
1332.0,352.0,2025-01-26,GROCERY,91.75,0.0
1333.0,358.0,2025-03-26,ONLINE,82.19,0.0
1334.0,102.0,2025-04-14,GROCERY,26.23,0.0
1335.0,124.0,2025-11-29,GROCERY,75.16,0.0
1336.0,184.0,2025-09-26,TRAVEL,92.97,0.0
1337.0,330.0,2025-03-09,FUEL,47.99,0.0
1338.0,19.0,2025-09-13,GROCERY,128.46,0.0
1339.0,408.0,2025-01-07,TRAVEL,192.8,0.0
1340.0,171.0,2025-10-19,GROCERY,197.78,0.0
1341.0,250.0,2025-03-23,ONLINE,59.0,0.0
1342.0,455.0,2025-09-17,TRAVEL,151.2,0.0
1343.0,67.0,2025-06-29,GROCERY,142.0,0.0
1344.0,474.0,2025-09-25,TRAVEL,347.41,0.0
1345.0,308.0,2025-05-08,TRAVEL,151.77,0.0
1346.0,214.0,2025-07-13,GROCERY,158.53,0.0
1347.0,36.0,2025-11-28,RESTAURANT,220.66,0.0
1348.0,34.0,2025-10-21,ONLINE,33.39,0.0
1349.0,409.0,2025-07-18,RESTAURANT,109.97,0.0
1350.0,201.0,2025-12-03,RESTAURANT,314.35,0.0
1351.0,381.0,2025-02-12,ELECTRONICS,318.75,0.0
1352.0,417.0,2025-09-13,TRAVEL,-75.14,0.0
1353.0,202.0,2025-08-17,RESTAURANT,308.59,0.0
1354.0,159.0,2025-04-04,ONLINE,84.61,0.0
1355.0,135.0,2025-05-22,GROCERY,131.95,0.0
1356.0,319.0,2025-05-29,ELECTRONICS,21.88,0.0
1357.0,355.0,2025-09-05,ONLINE,265.01,0.0
1358.0,175.0,2025-08-17,FUEL,81.22,0.0
1359.0,284.0,2025-10-14,TRAVEL,27.15,0.0
1360.0,270.0,2025-08-28,FUEL,94.81,0.0
1361.0,73.0,2025-12-26,ELECTRONICS,5.65,0.0
1362.0,263.0,2025-10-30,ONLINE,168.62,0.0
1363.0,380.0,2025-07-30,TRAVEL,232.16,0.0
1364.0,482.0,2025-01-07,FUEL,42.61,0.0
1365.0,167.0,2025-05-14,ELECTRONICS,41.13,0.0
1366.0,120.0,2025-02-16,FUEL,159.92,0.0
1367.0,447.0,2025-06-08,ONLINE,174.18,0.0
1368.0,460.0,2025-12-29,RESTAURANT,61.43,0.0
1369.0,415.0,2025-05-27,TRAVEL,48.22,0.0
1370.0,168.0,2025-10-26,FUEL,204.27,0.0
1371.0,138.0,2025-06-14,RESTAURANT,24.36,0.0
1372.0,313.0,2025-07-30,TRAVEL,71.7,0.0
1373.0,128.0,2025-01-11,RESTAURANT,47.09,0.0
1374.0,385.0,2025-09-08,GROCERY,158.15,0.0
1375.0,199.0,2025-04-01,ONLINE,50.58,0.0
1376.0,164.0,2025-06-17,ONLINE,223.54,1.0
1377.0,403.0,2025-12-27,RESTAURANT,69.42,0.0
1378.0,178.0,2025-03-23,FUEL,138.17,0.0
1379.0,66.0,2025-12-05,ONLINE,51.46,0.0
1380.0,398.0,2025-10-30,RESTAURANT,119.35,0.0
1381.0,159.0,2025-01-18,FUEL,57.48,0.0
1382.0,328.0,2025-05-15,GROCERY,38.95,0.0
1383.0,330.0,2025-12-24,ONLINE,173.46,0.0
1384.0,42.0,2025-06-15,GROCERY,50.16,0.0
1385.0,17.0,2025-10-17,ONLINE,50.99,0.0
1386.0,411.0,2025-12-02,GROCERY,111.56,0.0
1387.0,28.0,2025-01-02,ELECTRONICS,126.67,0.0
1388.0,166.0,2025-09-24,GROCERY,37.56,0.0
1389.0,382.0,2025-11-30,RESTAURANT,149.05,0.0
1390.0,89.0,2025-07-30,ONLINE,53.98,0.0
1391.0,262.0,2025-12-17,RESTAURANT,28.74,0.0
1392.0,58.0,2025-09-13,TRAVEL,80.14,0.0
1393.0,279.0,2025-08-18,TRAVEL,79.13,0.0
1394.0,357.0,2025-02-15,ELECTRONICS,140.18,0.0
1395.0,125.0,2025-10-15,GROCERY,356.14,0.0
1396.0,141.0,2025-11-09,FUEL,110.07,0.0
1397.0,266.0,2025-05-02,TRAVEL,154.52,0.0
1398.0,396.0,2025-02-27,GROCERY,21.2,0.0
1399.0,273.0,2025-07-28,RESTAURANT,230.87,0.0
1400.0,351.0,2025-12-09,GROCERY,91.08,0.0
1401.0,207.0,2025-09-25,FUEL,31.28,0.0
1402.0,65.0,2025-10-23,FUEL,224.81,0.0
1403.0,483.0,2025-07-24,TRAVEL,94.25,0.0
1404.0,399.0,2025-06-02,FUEL,199.82,0.0
1405.0,25.0,2025-04-22,FUEL,382.14,0.0
1406.0,138.0,2025-10-22,FUEL,23.83,0.0
1407.0,208.0,2025-08-25,GROCERY,52.0,0.0
1408.0,41.0,2025-09-30,GROCERY,175.43,0.0
1409.0,429.0,2025-11-03,GROCERY,99.36,0.0
1410.0,87.0,2025-12-24,FUEL,6.54,0.0
1411.0,104.0,2025-11-02,TRAVEL,73.02,0.0
1412.0,159.0,2025-06-12,ONLINE,83.1,0.0
1413.0,468.0,2025-02-18,RESTAURANT,94.34,0.0
1414.0,113.0,2025-07-24,ELECTRONICS,50.29,0.0
1415.0,213.0,2025-06-12,TRAVEL,271.87,0.0
1416.0,342.0,2025-12-08,FUEL,21.23,0.0
1417.0,79.0,2025-01-15,GROCERY,132.76,0.0
1418.0,45.0,2025-11-09,ELECTRONICS,62.03,0.0
1419.0,47.0,2025-08-19,ONLINE,58.18,0.0
1420.0,92.0,2025-01-26,TRAVEL,247.51,0.0
1421.0,164.0,2025-03-30,RESTAURANT,79.51,0.0
1422.0,471.0,2025-01-23,FUEL,133.33,0.0
1423.0,460.0,2025-12-06,RESTAURANT,183.96,0.0
1424.0,285.0,2025-08-24,GROCERY,102.97,0.0
1425.0,470.0,2025-08-14,TRAVEL,249.89,0.0
1426.0,15.0,2025-07-09,ELECTRONICS,28.08,0.0
1427.0,282.0,2025-05-27,RESTAURANT,139.44,0.0
1428.0,223.0,2025-03-04,RESTAURANT,358.71,0.0
1429.0,60.0,2025-09-24,TRAVEL,130.81,0.0
1430.0,277.0,2025-02-18,GROCERY,16.1,0.0
1431.0,229.0,2025-03-17,TRAVEL,143.11,0.0
1432.0,382.0,2025-12-23,ELECTRONICS,279.47,0.0
1433.0,209.0,2025-02-03,ONLINE,73.82,0.0
1434.0,215.0,2025-12-14,RESTAURANT,73.07,0.0
1435.0,116.0,2025-02-01,ONLINE,170.37,0.0
1436.0,237.0,2025-06-27,FUEL,148.65,0.0
1437.0,39.0,2025-08-01,ELECTRONICS,105.94,0.0
1438.0,284.0,2025-02-11,TRAVEL,53.61,0.0
1439.0,191.0,2025-11-21,FUEL,67.19,0.0
1440.0,137.0,2025-12-16,FUEL,40.2,0.0
1441.0,186.0,2025-03-23,GROCERY,-14.05,0.0
1442.0,446.0,2025-03-22,ELECTRONICS,231.0,0.0
1443.0,352.0,2025-10-05,TRAVEL,177.08,0.0
1444.0,427.0,2025-05-16,FUEL,164.58,0.0
1445.0,198.0,2025-01-14,ELECTRONICS,162.35,0.0
1446.0,197.0,2025-10-01,ONLINE,85.28,0.0
1447.0,7.0,2025-05-09,TRAVEL,76.19,0.0
1448.0,342.0,2025-05-29,ELECTRONICS,31.6,0.0
1449.0,11.0,2025-08-27,RESTAURANT,187.85,0.0
1450.0,487.0,2025-07-30,FUEL,503.43,0.0
1451.0,344.0,2025-10-29,FUEL,138.58,0.0
1452.0,233.0,2025-10-19,TRAVEL,207.34,0.0
1453.0,331.0,2025-12-11,ONLINE,207.92,0.0
1454.0,497.0,2025-12-02,TRAVEL,292.02,1.0
1455.0,81.0,2025-08-19,GROCERY,47.45,0.0
1456.0,373.0,2025-07-23,FUEL,21.65,0.0
1457.0,434.0,2025-06-18,TRAVEL,118.39,0.0
1458.0,294.0,2025-08-31,ONLINE,91.77,0.0
1459.0,332.0,2025-01-23,GROCERY,474.98,0.0
1460.0,254.0,2025-05-27,ONLINE,40.81,0.0
1461.0,78.0,2025-04-11,TRAVEL,355.12,0.0
1462.0,491.0,2025-07-23,TRAVEL,92.51,0.0
1463.0,144.0,2025-12-03,GROCERY,36.27,0.0
1464.0,193.0,2025-06-25,ELECTRONICS,311.27,0.0
1465.0,487.0,2025-08-01,ONLINE,48.14,0.0
1466.0,29.0,2025-05-28,ONLINE,208.25,0.0
1467.0,204.0,2025-05-06,RESTAURANT,121.05,0.0
1468.0,278.0,2025-09-06,ELECTRONICS,354.25,0.0
1469.0,119.0,2025-04-01,GROCERY,240.56,0.0
1470.0,336.0,2025-11-17,RESTAURANT,90.56,0.0
1471.0,263.0,2025-02-11,GROCERY,312.37,0.0
1472.0,132.0,2025-03-23,FUEL,151.65,0.0
1473.0,103.0,2025-10-02,ELECTRONICS,108.21,0.0
1474.0,144.0,2025-01-31,FUEL,119.04,0.0
1475.0,396.0,2025-05-31,GROCERY,214.08,0.0
1476.0,261.0,2025-05-18,FUEL,86.84,0.0
1477.0,398.0,2025-12-08,TRAVEL,-67.69,0.0
1478.0,360.0,2025-02-27,RESTAURANT,54.67,0.0
1479.0,401.0,2025-06-15,ONLINE,137.15,0.0
1480.0,428.0,2025-06-17,RESTAURANT,58.23,0.0
1481.0,309.0,2025-10-26,TRAVEL,216.33,0.0
1482.0,181.0,2025-07-17,ONLINE,85.12,0.0
1483.0,348.0,2025-02-17,TRAVEL,160.48,0.0
1484.0,473.0,2025-11-14,FUEL,250.17,0.0
1485.0,161.0,2025-02-25,GROCERY,297.94,0.0
1486.0,244.0,2025-09-11,FUEL,126.66,0.0
1487.0,440.0,2025-04-10,ELECTRONICS,11.76,0.0
1488.0,299.0,2025-02-14,FUEL,12.74,0.0
1489.0,73.0,2025-03-11,ONLINE,212.24,0.0
1490.0,176.0,2025-12-11,RESTAURANT,45.06,0.0
1491.0,128.0,2025-12-23,ONLINE,81.89,0.0
1492.0,239.0,2025-08-08,ONLINE,234.84,0.0
1493.0,497.0,2025-10-22,ELECTRONICS,68.46,0.0
1494.0,420.0,2025-11-26,GROCERY,31.71,0.0
1495.0,481.0,2025-05-08,ONLINE,84.13,0.0
1496.0,371.0,2025-10-04,ONLINE,183.94,0.0
1497.0,254.0,2025-07-09,TRAVEL,67.3,0.0
1498.0,330.0,2025-03-05,RESTAURANT,165.99,0.0
1499.0,250.0,2025-07-14,RESTAURANT,32.75,0.0
1500.0,21.0,2025-01-17,GROCERY,53.2,0.0
1501.0,59.0,2025-08-10,RESTAURANT,85.14,0.0
1502.0,278.0,2025-04-05,TRAVEL,256.76,0.0
1503.0,330.0,2025-02-07,RESTAURANT,74.83,0.0
1504.0,127.0,2025-09-15,TRAVEL,65.85,0.0
1505.0,16.0,2025-05-08,FUEL,66.09,0.0
1506.0,35.0,2025-06-13,ELECTRONICS,165.86,0.0
1507.0,158.0,2025-02-01,GROCERY,196.94,0.0
1508.0,431.0,2025-01-30,TRAVEL,248.89,0.0
1509.0,210.0,2025-12-02,GROCERY,392.5,0.0
1510.0,487.0,2025-08-07,RESTAURANT,137.84,0.0
1511.0,447.0,2025-05-28,RESTAURANT,58.94,0.0
1512.0,430.0,2025-09-01,RESTAURANT,95.11,0.0
1513.0,485.0,2025-09-23,GROCERY,47.28,0.0
1514.0,122.0,2025-02-11,ELECTRONICS,119.46,0.0
1515.0,487.0,2025-12-03,ELECTRONICS,54.83,0.0
1516.0,462.0,2025-08-28,ELECTRONICS,247.86,0.0
1517.0,400.0,2025-04-23,RESTAURANT,129.94,0.0
1518.0,97.0,2025-04-09,FUEL,303.69,0.0
1519.0,145.0,2025-02-02,GROCERY,191.96,0.0
1520.0,327.0,2025-04-04,ONLINE,179.66,0.0
1521.0,23.0,2025-05-03,ONLINE,31.46,0.0
1522.0,411.0,2025-03-19,FUEL,165.64,0.0
1523.0,213.0,2025-09-02,FUEL,386.89,0.0
1524.0,11.0,2025-04-03,GROCERY,76.72,0.0
1525.0,149.0,2025-07-02,RESTAURANT,222.14,0.0
1526.0,198.0,2025-07-23,RESTAURANT,22.82,0.0
1527.0,328.0,2025-01-28,RESTAURANT,41.0,0.0
1528.0,302.0,2025-03-03,ONLINE,100.48,0.0
1529.0,186.0,2025-01-26,FUEL,66.78,0.0
1530.0,310.0,2025-09-10,ONLINE,54.09,0.0
1531.0,446.0,2025-09-13,TRAVEL,67.07,0.0
1532.0,176.0,2025-02-17,ONLINE,152.67,0.0
1533.0,188.0,2025-09-26,ONLINE,224.02,0.0
1534.0,51.0,2025-10-24,TRAVEL,162.18,0.0
1535.0,189.0,2025-02-09,ONLINE,169.01,0.0
1536.0,143.0,2025-02-12,ONLINE,103.94,0.0
1537.0,380.0,2025-10-18,FUEL,39.9,0.0
1538.0,57.0,2025-04-23,RESTAURANT,97.6,0.0
1539.0,296.0,2025-05-07,ELECTRONICS,121.8,0.0
1540.0,387.0,2025-08-03,ONLINE,230.99,0.0
1541.0,128.0,2025-01-25,ELECTRONICS,336.41,0.0
1542.0,34.0,2025-06-09,GROCERY,143.46,0.0
1543.0,339.0,2025-05-02,GROCERY,214.74,0.0
1544.0,295.0,2025-10-28,TRAVEL,8.87,0.0
1545.0,282.0,2025-09-24,FUEL,83.97,0.0
1546.0,440.0,2025-04-15,ONLINE,103.56,0.0
1547.0,53.0,2025-08-28,FUEL,159.17,0.0
1548.0,99.0,2025-05-28,GROCERY,341.81,0.0
1549.0,234.0,2025-06-25,RESTAURANT,137.18,0.0
1550.0,282.0,2025-09-26,RESTAURANT,19.6,0.0
1551.0,460.0,2025-04-13,ELECTRONICS,170.45,0.0
1552.0,310.0,2025-07-31,GROCERY,78.96,0.0
1553.0,106.0,2025-06-02,ELECTRONICS,158.69,0.0
1554.0,426.0,2025-08-26,RESTAURANT,180.59,0.0
1555.0,208.0,2025-05-20,FUEL,18.05,0.0
1556.0,435.0,2025-12-08,TRAVEL,99.29,0.0
1557.0,138.0,2025-05-23,GROCERY,102.24,0.0
1558.0,396.0,2025-02-09,FUEL,135.93,0.0
1559.0,269.0,2025-06-28,TRAVEL,57.89,0.0
1560.0,278.0,2025-03-29,GROCERY,44.31,0.0
1561.0,488.0,2025-06-16,ELECTRONICS,338.04,0.0
1562.0,78.0,2025-12-03,TRAVEL,125.81,0.0
1563.0,155.0,2025-02-07,ELECTRONICS,48.75,0.0
1564.0,92.0,2025-01-16,RESTAURANT,68.4,0.0
1565.0,417.0,2025-04-16,TRAVEL,348.58,0.0
1566.0,426.0,2025-06-09,RESTAURANT,262.12,0.0
1567.0,420.0,2025-02-17,TRAVEL,62.14,0.0
1568.0,120.0,2025-09-11,ELECTRONICS,40.48,0.0
1569.0,130.0,2025-08-08,ONLINE,43.39,0.0
1570.0,202.0,2025-09-14,FUEL,243.2,0.0
1571.0,387.0,2025-06-04,GROCERY,74.64,0.0
1572.0,376.0,2025-12-06,TRAVEL,25.83,0.0
1573.0,495.0,2025-09-03,ONLINE,70.24,0.0
1574.0,393.0,2025-12-03,RESTAURANT,134.84,0.0
1575.0,478.0,2025-02-01,ELECTRONICS,97.89,0.0
1576.0,134.0,2025-09-01,FUEL,265.23,0.0
1577.0,303.0,2025-05-06,TRAVEL,136.1,0.0
1578.0,267.0,2025-03-12,RESTAURANT,150.26,0.0
1579.0,76.0,2025-03-07,FUEL,205.71,0.0
1580.0,474.0,2025-03-13,RESTAURANT,198.12,0.0
1581.0,60.0,2025-02-03,ONLINE,69.94,0.0
1582.0,428.0,2025-06-15,FUEL,41.18,0.0
1583.0,134.0,2025-10-10,TRAVEL,128.06,0.0
1584.0,111.0,2025-06-19,GROCERY,115.04,0.0
1585.0,301.0,2025-02-17,RESTAURANT,136.86,0.0
1586.0,234.0,2025-09-16,TRAVEL,145.52,0.0
1587.0,194.0,2025-03-05,ONLINE,320.88,0.0
1588.0,452.0,2025-11-14,ELECTRONICS,86.5,0.0
1589.0,350.0,2025-05-14,FUEL,149.83,0.0
1590.0,305.0,2025-01-01,FUEL,41.01,0.0
1591.0,394.0,2025-04-17,ONLINE,54.01,0.0
1592.0,402.0,2025-10-31,ELECTRONICS,109.55,0.0
1593.0,91.0,2025-12-02,ELECTRONICS,47.17,0.0
1594.0,221.0,2025-06-03,FUEL,172.83,0.0
1595.0,453.0,2025-12-27,GROCERY,154.61,0.0
1596.0,408.0,2025-03-26,TRAVEL,62.89,0.0
1597.0,31.0,2025-06-04,ELECTRONICS,91.64,0.0
1598.0,124.0,2025-06-17,GROCERY,244.92,0.0
1599.0,133.0,2025-03-15,ONLINE,126.92,0.0
1600.0,257.0,2025-05-20,ONLINE,449.59,0.0
1601.0,408.0,2025-07-01,RESTAURANT,91.7,0.0
1602.0,242.0,2025-09-13,FUEL,100.4,0.0
1603.0,92.0,2025-06-30,GROCERY,109.56,0.0
1604.0,279.0,2025-02-07,TRAVEL,22.41,0.0
1605.0,111.0,2025-06-20,TRAVEL,96.76,0.0
1606.0,340.0,2025-11-06,TRAVEL,94.11,0.0
1607.0,488.0,2025-01-08,RESTAURANT,184.23,0.0
1608.0,317.0,2025-12-31,RESTAURANT,251.8,0.0
1609.0,457.0,2025-02-16,ELECTRONICS,85.46,0.0
1610.0,273.0,2025-01-04,RESTAURANT,11.66,0.0
1611.0,407.0,2025-02-21,FUEL,122.79,0.0
1612.0,471.0,2025-04-02,GROCERY,46.65,0.0
1613.0,87.0,2025-05-09,GROCERY,131.1,1.0
1614.0,333.0,2025-10-30,RESTAURANT,128.56,0.0
1615.0,128.0,2025-07-31,TRAVEL,58.81,0.0
1616.0,43.0,2025-08-22,ELECTRONICS,123.58,0.0
1617.0,118.0,2025-11-17,RESTAURANT,26.77,0.0
1618.0,72.0,2025-02-17,RESTAURANT,137.21,0.0
1619.0,95.0,2025-03-23,ELECTRONICS,196.65,0.0
1620.0,4.0,2025-12-20,ELECTRONICS,159.66,0.0
1621.0,486.0,2025-10-09,FUEL,71.29,0.0
1622.0,221.0,2025-01-22,RESTAURANT,186.41,0.0
1623.0,84.0,2025-03-24,TRAVEL,171.56,0.0
1624.0,172.0,2025-05-17,GROCERY,177.16,0.0
1625.0,374.0,2025-01-12,GROCERY,272.75,0.0
1626.0,317.0,2025-08-01,FUEL,146.94,0.0
1627.0,26.0,2025-08-26,GROCERY,42.34,0.0
1628.0,74.0,2025-05-03,RESTAURANT,49.36,0.0
1629.0,272.0,2025-03-20,ONLINE,147.03,0.0
1630.0,485.0,2025-06-05,ONLINE,95.57,0.0
1631.0,36.0,2025-12-02,GROCERY,81.8,0.0
1632.0,432.0,2025-09-20,ONLINE,168.01,0.0
1633.0,31.0,2025-12-07,TRAVEL,35.17,0.0
1634.0,248.0,2025-07-21,RESTAURANT,170.41,0.0
1635.0,116.0,2025-02-08,FUEL,91.12,0.0
1636.0,212.0,2025-01-22,RESTAURANT,139.99,0.0
1637.0,463.0,2025-03-13,RESTAURANT,38.27,0.0
1638.0,108.0,2025-07-10,GROCERY,175.18,0.0
1639.0,320.0,2025-03-18,ELECTRONICS,221.24,0.0
1640.0,167.0,2025-04-26,ONLINE,705.85,0.0
1641.0,326.0,2025-11-29,FUEL,133.27,0.0
1642.0,28.0,2025-01-16,RESTAURANT,215.82,0.0
1643.0,149.0,2025-01-29,TRAVEL,47.03,0.0
1644.0,479.0,2025-05-23,TRAVEL,262.82,0.0
1645.0,362.0,2025-10-02,GROCERY,28.83,0.0
1646.0,469.0,2025-10-28,ELECTRONICS,334.88,0.0
1647.0,341.0,2025-04-16,ONLINE,123.6,0.0
1648.0,93.0,2025-04-17,RESTAURANT,31.7,0.0
1649.0,231.0,2025-08-01,FUEL,83.65,0.0
1650.0,439.0,2025-11-13,GROCERY,214.23,0.0
1651.0,342.0,2025-03-06,RESTAURANT,97.0,0.0
1652.0,261.0,2025-11-22,RESTAURANT,95.98,0.0
1653.0,434.0,2025-10-22,ELECTRONICS,200.66,0.0
1654.0,57.0,2025-04-08,FUEL,103.42,0.0
1655.0,481.0,2025-09-02,FUEL,251.66,0.0
1656.0,64.0,2025-08-18,TRAVEL,69.44,0.0
1657.0,499.0,2025-01-08,ONLINE,20.41,0.0
1658.0,403.0,2025-05-27,ELECTRONICS,108.15,0.0
1659.0,245.0,2025-03-28,GROCERY,118.19,0.0
1660.0,239.0,2025-01-25,ONLINE,67.21,0.0
1661.0,17.0,2025-06-20,RESTAURANT,137.12,0.0
1662.0,159.0,2025-09-14,FUEL,24.3,0.0
1663.0,115.0,2025-07-13,RESTAURANT,140.04,0.0
1664.0,354.0,2025-02-02,FUEL,40.4,0.0
1665.0,99.0,2025-10-29,TRAVEL,31.6,0.0
1666.0,403.0,2025-01-26,ELECTRONICS,115.72,0.0
1667.0,151.0,2025-05-22,ELECTRONICS,29.13,0.0
1668.0,426.0,2025-07-27,ONLINE,13.5,0.0
1669.0,181.0,2025-12-05,RESTAURANT,153.8,0.0
1670.0,377.0,2025-10-03,GROCERY,44.81,0.0
1671.0,335.0,2025-03-12,TRAVEL,165.35,0.0
1672.0,495.0,2025-06-06,RESTAURANT,88.34,0.0
1673.0,263.0,2025-11-10,FUEL,115.64,0.0
1674.0,177.0,2025-04-01,ELECTRONICS,216.57,0.0
1675.0,325.0,2025-11-27,ONLINE,147.79,0.0
1676.0,15.0,2025-07-14,ELECTRONICS,167.88,0.0
1677.0,486.0,2025-08-17,TRAVEL,163.56,0.0
1678.0,340.0,2025-08-30,FUEL,62.03,0.0
1679.0,25.0,2025-12-20,ONLINE,143.02,0.0
1680.0,87.0,2025-09-09,GROCERY,50.17,0.0
1681.0,8.0,2025-05-30,FUEL,143.25,0.0
1682.0,334.0,2025-08-04,ELECTRONICS,85.05,0.0
1683.0,333.0,2025-09-13,RESTAURANT,99.33,0.0
1684.0,82.0,2025-08-07,TRAVEL,309.9,0.0
1685.0,274.0,2025-01-04,TRAVEL,158.7,0.0
1686.0,245.0,2025-11-26,ONLINE,66.11,0.0
1687.0,242.0,2025-04-11,FUEL,24.14,0.0
1688.0,310.0,2025-08-26,TRAVEL,118.42,0.0
1689.0,427.0,2025-07-26,FUEL,27.55,0.0
1690.0,458.0,2025-02-13,FUEL,336.48,0.0
1691.0,80.0,2025-11-16,GROCERY,101.53,0.0
1692.0,473.0,2025-01-31,RESTAURANT,201.9,0.0
1693.0,287.0,2025-12-14,TRAVEL,33.62,0.0
1694.0,91.0,2025-12-03,FUEL,155.82,0.0
1695.0,466.0,2025-07-31,ONLINE,231.39,0.0
1696.0,185.0,2025-12-15,ONLINE,165.0,0.0
1697.0,223.0,2025-11-09,TRAVEL,191.46,0.0
1698.0,484.0,2025-11-25,RESTAURANT,145.79,0.0
1699.0,290.0,2025-10-19,ELECTRONICS,78.98,0.0
1700.0,72.0,2025-12-06,ELECTRONICS,51.99,0.0
1701.0,35.0,2025-10-10,GROCERY,59.5,0.0
1702.0,411.0,2025-11-18,RESTAURANT,341.81,0.0
1703.0,175.0,2025-02-10,FUEL,127.8,0.0
1704.0,50.0,2025-06-05,TRAVEL,246.33,0.0
1705.0,21.0,2025-06-24,ELECTRONICS,69.41,0.0
1706.0,473.0,2025-11-28,RESTAURANT,183.59,0.0
1707.0,287.0,2025-06-27,RESTAURANT,48.78,0.0
1708.0,263.0,2025-06-10,ELECTRONICS,90.22,0.0
1709.0,296.0,2025-10-15,ONLINE,76.06,0.0
1710.0,210.0,2025-08-26,GROCERY,316.21,0.0
1711.0,476.0,2025-08-02,GROCERY,56.36,0.0
1712.0,302.0,2025-11-30,ELECTRONICS,169.57,0.0
1713.0,320.0,2025-10-27,ONLINE,148.53,0.0
1714.0,447.0,2025-09-17,ELECTRONICS,36.68,0.0
1715.0,2.0,2025-12-16,ELECTRONICS,248.11,0.0
1716.0,160.0,2025-01-18,FUEL,267.85,0.0
1717.0,417.0,2025-07-22,ELECTRONICS,128.2,0.0
1718.0,49.0,2025-01-12,ELECTRONICS,112.87,0.0
1719.0,165.0,2025-10-16,RESTAURANT,19.99,0.0
1720.0,82.0,2025-02-16,ONLINE,31.66,0.0
1721.0,358.0,2025-07-24,FUEL,88.32,0.0
1722.0,422.0,2025-10-13,ELECTRONICS,50.19,0.0
1723.0,133.0,2025-08-17,FUEL,202.06,0.0
1724.0,344.0,2025-01-22,FUEL,30.44,0.0
1725.0,381.0,2025-06-23,TRAVEL,27.74,0.0
1726.0,453.0,2025-10-12,RESTAURANT,159.0,0.0
1727.0,464.0,2025-12-17,FUEL,141.28,0.0
1728.0,228.0,2025-11-24,GROCERY,121.5,0.0
1729.0,40.0,2025-10-26,GROCERY,184.09,0.0
1730.0,373.0,2025-04-23,FUEL,64.65,0.0
1731.0,273.0,2025-10-02,ELECTRONICS,78.89,0.0
1732.0,230.0,2025-03-02,RESTAURANT,138.11,0.0
1733.0,271.0,2025-05-01,ELECTRONICS,127.64,0.0
1734.0,322.0,2025-04-14,RESTAURANT,53.97,0.0
1735.0,144.0,2025-06-27,ONLINE,224.96,0.0
1736.0,165.0,2025-11-16,ELECTRONICS,37.71,0.0
1737.0,171.0,2025-11-11,RESTAURANT,84.12,0.0
1738.0,247.0,2025-11-22,ELECTRONICS,40.31,0.0
1739.0,339.0,2025-12-08,ELECTRONICS,439.19,0.0
1740.0,22.0,2025-01-11,FUEL,115.17,0.0
1741.0,147.0,2025-12-31,GROCERY,47.41,0.0
1742.0,365.0,2025-11-17,ELECTRONICS,76.56,0.0
1743.0,16.0,2025-09-26,RESTAURANT,136.66,0.0
1744.0,398.0,2025-01-30,TRAVEL,201.06,0.0
1745.0,385.0,2025-09-24,RESTAURANT,51.68,0.0
1746.0,160.0,2025-09-04,RESTAURANT,277.12,0.0
1747.0,313.0,2025-02-04,RESTAURANT,111.88,0.0
1748.0,246.0,2025-03-15,FUEL,160.05,0.0
1749.0,126.0,2025-10-02,GROCERY,71.85,0.0
1750.0,75.0,2025-03-02,ONLINE,144.14,0.0
1751.0,481.0,2025-05-07,TRAVEL,67.56,0.0
1752.0,430.0,2025-08-10,FUEL,79.98,0.0
1753.0,450.0,2025-11-12,ELECTRONICS,206.34,0.0
1754.0,71.0,2025-04-14,RESTAURANT,153.81,0.0
1755.0,483.0,2025-01-05,FUEL,86.56,0.0
1756.0,313.0,2025-11-07,TRAVEL,198.64,0.0
1757.0,257.0,2025-12-08,ELECTRONICS,133.42,0.0
1758.0,171.0,2025-11-08,ONLINE,16.38,0.0
1759.0,118.0,2025-06-26,ONLINE,99.72,0.0
1760.0,163.0,2025-09-20,GROCERY,203.23,0.0
1761.0,87.0,2025-02-16,ONLINE,334.88,0.0
1762.0,396.0,2025-08-21,FUEL,43.34,0.0
1763.0,475.0,2025-08-08,ONLINE,194.14,0.0
1764.0,484.0,2025-08-20,GROCERY,111.29,0.0
1765.0,446.0,2025-09-10,FUEL,36.67,0.0
1766.0,67.0,2025-11-21,ONLINE,39.74,0.0
1767.0,371.0,2025-10-12,ELECTRONICS,44.86,0.0
1768.0,429.0,2025-01-14,ELECTRONICS,26.35,0.0
1769.0,256.0,2025-09-14,TRAVEL,33.55,0.0
1770.0,280.0,2025-09-24,TRAVEL,114.63,0.0
1771.0,193.0,2025-07-21,ELECTRONICS,15.96,0.0
1772.0,412.0,2025-08-16,GROCERY,52.4,0.0
1773.0,352.0,2025-01-30,ELECTRONICS,80.67,0.0
1774.0,315.0,2025-04-06,GROCERY,52.68,0.0
1775.0,5.0,2025-11-11,RESTAURANT,29.89,0.0
1776.0,481.0,2025-01-01,GROCERY,108.57,0.0
1777.0,263.0,2025-12-25,ELECTRONICS,51.73,0.0
1778.0,478.0,2025-03-23,ONLINE,55.43,0.0
1779.0,340.0,2025-10-11,ELECTRONICS,96.12,0.0
1780.0,261.0,2025-03-22,GROCERY,168.75,0.0
1781.0,377.0,2025-01-13,GROCERY,63.21,0.0
1782.0,124.0,2025-08-09,ONLINE,66.03,0.0
1783.0,226.0,2025-10-03,GROCERY,35.32,0.0
1784.0,13.0,2025-02-01,ONLINE,201.64,0.0
1785.0,373.0,2025-04-09,FUEL,110.02,0.0
1786.0,163.0,2025-04-22,RESTAURANT,192.85,0.0
1787.0,48.0,2025-12-18,FUEL,214.77,0.0
1788.0,399.0,2025-04-24,GROCERY,62.48,0.0
1789.0,117.0,2025-01-24,TRAVEL,182.86,0.0
1790.0,112.0,2025-12-26,GROCERY,118.38,1.0
1791.0,73.0,2025-02-03,RESTAURANT,67.32,0.0
1792.0,302.0,2025-06-27,RESTAURANT,58.7,0.0
1793.0,170.0,2025-03-08,ONLINE,107.7,0.0
1794.0,286.0,2025-04-03,GROCERY,127.75,0.0
1795.0,173.0,2025-10-02,RESTAURANT,11.54,0.0
1796.0,377.0,2025-02-19,FUEL,75.58,0.0
1797.0,187.0,2025-08-26,GROCERY,123.76,0.0
1798.0,397.0,2025-07-26,FUEL,145.94,0.0
1799.0,233.0,2025-09-23,TRAVEL,95.55,0.0
1800.0,8.0,2025-02-28,ELECTRONICS,142.76,0.0
1801.0,219.0,2025-05-10,FUEL,58.79,0.0
1802.0,123.0,2025-01-02,RESTAURANT,140.15,0.0
1803.0,246.0,2025-11-18,GROCERY,126.62,0.0
1804.0,63.0,2025-12-27,RESTAURANT,212.41,0.0
1805.0,377.0,2025-06-12,ONLINE,286.74,0.0
1806.0,313.0,2025-07-13,RESTAURANT,216.0,0.0
1807.0,72.0,2025-02-18,ONLINE,86.54,0.0
1808.0,490.0,2025-11-16,FUEL,37.3,0.0
1809.0,176.0,2025-10-08,ELECTRONICS,52.37,0.0
1810.0,105.0,2025-02-11,RESTAURANT,281.52,0.0
1811.0,1.0,2025-07-13,ELECTRONICS,111.98,0.0
1812.0,124.0,2025-03-04,TRAVEL,130.33,0.0
1813.0,15.0,2025-08-05,ELECTRONICS,192.68,0.0
1814.0,242.0,2025-08-28,GROCERY,106.94,0.0
1815.0,304.0,2025-05-21,ONLINE,238.63,0.0
1816.0,186.0,2025-06-11,FUEL,33.1,0.0
1817.0,439.0,2025-09-17,GROCERY,150.88,0.0
1818.0,484.0,2025-02-26,RESTAURANT,341.08,0.0
1819.0,153.0,2025-01-13,TRAVEL,251.76,0.0
1820.0,319.0,2025-06-02,FUEL,261.78,0.0
1821.0,201.0,2025-06-29,RESTAURANT,29.93,0.0
1822.0,137.0,2025-04-15,GROCERY,125.09,0.0
1823.0,105.0,2025-06-05,GROCERY,97.08,0.0
1824.0,261.0,2025-02-07,GROCERY,52.09,0.0
1825.0,72.0,2025-09-30,GROCERY,126.57,0.0
1826.0,337.0,2025-10-07,RESTAURANT,37.64,0.0
1827.0,443.0,2025-04-08,TRAVEL,142.53,0.0
1828.0,185.0,2025-08-26,TRAVEL,48.7,0.0
1829.0,287.0,2025-03-27,RESTAURANT,137.4,0.0
1830.0,489.0,2025-05-25,RESTAURANT,54.28,0.0
1831.0,353.0,2025-04-27,ONLINE,82.64,0.0
1832.0,202.0,2025-12-21,RESTAURANT,76.56,0.0
1833.0,441.0,2025-06-25,ELECTRONICS,95.56,0.0
1834.0,22.0,2025-08-20,RESTAURANT,103.15,0.0
1835.0,295.0,2025-03-18,RESTAURANT,76.84,0.0
1836.0,127.0,2025-12-05,RESTAURANT,44.19,0.0
1837.0,91.0,2025-09-07,GROCERY,222.24,0.0
1838.0,259.0,2025-02-08,FUEL,106.53,0.0
1839.0,357.0,2025-05-02,ONLINE,128.67,0.0
1840.0,370.0,2025-07-04,RESTAURANT,76.86,0.0
1841.0,374.0,2025-06-03,RESTAURANT,447.95,0.0
1842.0,145.0,2025-10-20,ONLINE,113.58,0.0
1843.0,207.0,2025-07-23,ELECTRONICS,230.04,0.0
1844.0,57.0,2025-07-23,RESTAURANT,83.71,0.0
1845.0,309.0,2025-05-18,RESTAURANT,155.24,0.0
1846.0,402.0,2025-11-05,GROCERY,92.56,0.0
1847.0,243.0,2025-09-13,TRAVEL,205.24,0.0
1848.0,157.0,2025-09-15,FUEL,70.42,0.0
1849.0,167.0,2025-08-28,FUEL,39.57,0.0
1850.0,326.0,2025-08-31,FUEL,128.36,0.0
1851.0,337.0,2025-10-04,RESTAURANT,0.0,0.0
1852.0,239.0,2025-03-27,ELECTRONICS,94.73,0.0
1853.0,124.0,2025-07-10,ONLINE,68.88,0.0
1854.0,206.0,2025-02-17,GROCERY,33.09,0.0
1855.0,164.0,2025-05-15,GROCERY,216.84,0.0
1856.0,49.0,2025-04-17,RESTAURANT,50.49,0.0
1857.0,203.0,2025-03-15,RESTAURANT,76.02,0.0
1858.0,425.0,2025-07-19,GROCERY,74.66,0.0
1859.0,308.0,2025-06-09,GROCERY,100.64,0.0
1860.0,67.0,2025-06-15,ONLINE,154.32,0.0
1861.0,427.0,2025-11-15,FUEL,364.32,0.0
1862.0,107.0,2025-05-13,TRAVEL,-132.43,0.0
1863.0,308.0,2025-02-14,TRAVEL,33.28,0.0
1864.0,284.0,2025-10-16,ONLINE,96.8,0.0
1865.0,364.0,2025-03-20,GROCERY,133.89,0.0
1866.0,384.0,2025-12-22,ELECTRONICS,241.22,0.0
1867.0,147.0,2025-08-31,ONLINE,222.57,0.0
1868.0,389.0,2025-04-04,RESTAURANT,93.92,0.0
1869.0,294.0,2025-07-29,ONLINE,111.28,0.0
1870.0,175.0,2025-12-07,GROCERY,123.33,0.0
1871.0,52.0,2025-12-01,TRAVEL,111.62,0.0
1872.0,285.0,2025-05-25,ONLINE,96.67,0.0
1873.0,232.0,2025-01-11,ELECTRONICS,291.98,0.0
1874.0,236.0,2025-01-30,ELECTRONICS,59.37,0.0
1875.0,345.0,2025-11-17,ONLINE,196.58,0.0
1876.0,355.0,2025-08-30,RESTAURANT,172.22,0.0
1877.0,90.0,2025-09-22,ELECTRONICS,93.86,0.0
1878.0,149.0,2025-09-21,GROCERY,56.18,0.0
1879.0,452.0,2025-10-11,TRAVEL,106.21,0.0
1880.0,298.0,2025-07-05,RESTAURANT,159.02,0.0
1881.0,209.0,2025-05-19,ONLINE,3.99,0.0
1882.0,487.0,2025-03-27,FUEL,37.38,0.0
1883.0,336.0,2025-04-23,RESTAURANT,8.3,0.0
1884.0,425.0,2025-10-01,ELECTRONICS,129.67,0.0
1885.0,235.0,2025-01-06,RESTAURANT,125.4,0.0
1886.0,82.0,2025-02-23,ONLINE,41.45,0.0
1887.0,367.0,2025-10-15,GROCERY,52.49,0.0
1888.0,409.0,2025-08-25,GROCERY,120.31,0.0
1889.0,293.0,2025-02-28,TRAVEL,23.58,0.0
1890.0,217.0,2025-01-14,GROCERY,165.86,0.0
1891.0,62.0,2025-03-24,ELECTRONICS,85.79,0.0
1892.0,123.0,2025-02-13,ONLINE,100.87,0.0
1893.0,463.0,2025-04-11,ELECTRONICS,107.52,0.0
1894.0,85.0,2025-11-01,TRAVEL,33.89,0.0
1895.0,331.0,2025-11-14,GROCERY,107.95,0.0
1896.0,332.0,2025-04-15,TRAVEL,152.2,0.0
1897.0,237.0,2025-04-16,GROCERY,57.09,0.0
1898.0,499.0,2025-10-29,TRAVEL,51.72,0.0
1899.0,339.0,2025-06-05,GROCERY,349.49,0.0
1900.0,484.0,2025-03-19,TRAVEL,47.15,0.0
1901.0,131.0,2025-09-30,ONLINE,72.86,0.0
1902.0,371.0,2025-06-29,ELECTRONICS,257.87,0.0
1903.0,385.0,2025-11-22,TRAVEL,21.9,0.0
1904.0,460.0,2025-11-17,ELECTRONICS,91.92,0.0
1905.0,206.0,2025-10-16,FUEL,149.91,0.0
1906.0,167.0,2025-12-21,GROCERY,96.42,0.0
1907.0,403.0,2025-07-15,GROCERY,18.45,0.0
1908.0,360.0,2025-07-19,GROCERY,37.33,0.0
1909.0,138.0,2025-01-01,FUEL,15.36,0.0
1910.0,153.0,2025-03-03,FUEL,87.18,0.0
1911.0,396.0,2025-02-27,ELECTRONICS,134.2,0.0
1912.0,285.0,2025-12-03,ONLINE,56.7,0.0
1913.0,454.0,2025-04-03,GROCERY,77.2,0.0
1914.0,316.0,2025-08-16,ELECTRONICS,76.87,0.0
1915.0,491.0,2025-06-01,ELECTRONICS,229.9,0.0
1916.0,164.0,2025-10-07,FUEL,119.0,0.0
1917.0,389.0,2025-05-13,ELECTRONICS,107.63,0.0
1918.0,96.0,2025-12-09,TRAVEL,205.23,0.0
1919.0,353.0,2025-07-07,ONLINE,27.91,0.0
1920.0,209.0,2025-03-31,ONLINE,117.83,0.0
1921.0,260.0,2025-05-31,TRAVEL,64.94,0.0
1922.0,404.0,2025-05-14,ELECTRONICS,251.48,0.0
1923.0,53.0,2025-09-23,ONLINE,206.38,0.0
1924.0,112.0,2025-04-29,ELECTRONICS,64.89,0.0
1925.0,280.0,2025-01-20,TRAVEL,81.0,0.0
1926.0,208.0,2025-10-14,RESTAURANT,44.63,0.0
1927.0,282.0,2025-12-30,ELECTRONICS,184.25,0.0
1928.0,216.0,2025-04-02,TRAVEL,157.07,0.0
1929.0,33.0,2025-11-04,ONLINE,84.58,1.0
1930.0,469.0,2025-01-15,FUEL,83.86,0.0
1931.0,346.0,2025-05-03,FUEL,69.38,0.0
1932.0,306.0,2025-01-05,FUEL,241.02,0.0
1933.0,75.0,2025-05-25,ONLINE,90.56,0.0
1934.0,99.0,2025-08-11,GROCERY,71.61,0.0
1935.0,299.0,2025-12-18,TRAVEL,171.77,0.0
1936.0,27.0,2025-11-03,FUEL,7.41,0.0
1937.0,237.0,2025-12-08,ONLINE,79.88,0.0
1938.0,445.0,2025-08-27,RESTAURANT,188.53,0.0
1939.0,438.0,2025-05-24,ELECTRONICS,278.53,0.0
1940.0,258.0,2025-11-27,RESTAURANT,58.81,0.0
1941.0,117.0,2025-01-22,RESTAURANT,144.38,0.0
1942.0,37.0,2025-10-25,RESTAURANT,58.5,0.0
1943.0,86.0,2025-12-27,RESTAURANT,369.33,0.0
1944.0,141.0,2025-01-09,ONLINE,112.65,0.0
1945.0,276.0,2025-08-27,ELECTRONICS,156.26,0.0
1946.0,363.0,2025-11-16,ELECTRONICS,9.82,0.0
1947.0,231.0,2025-09-10,RESTAURANT,68.74,0.0
1948.0,414.0,2025-12-23,RESTAURANT,172.38,0.0
1949.0,81.0,2025-04-11,ELECTRONICS,27.67,0.0
1950.0,212.0,2025-08-22,ONLINE,112.44,0.0
1951.0,307.0,2025-10-26,TRAVEL,287.06,0.0
1952.0,27.0,2025-01-26,ONLINE,179.11,0.0
1953.0,453.0,2025-07-23,FUEL,148.1,0.0
1954.0,498.0,2025-12-17,RESTAURANT,72.14,0.0
1955.0,371.0,2025-06-21,ONLINE,35.46,0.0
1956.0,352.0,2025-10-25,FUEL,95.84,0.0
1957.0,105.0,2025-09-28,GROCERY,160.84,0.0
1958.0,92.0,2025-04-09,ELECTRONICS,44.63,0.0
1959.0,120.0,2025-05-16,GROCERY,177.99,0.0
1960.0,68.0,2025-06-29,GROCERY,117.1,0.0
1961.0,279.0,2025-06-06,TRAVEL,51.89,0.0
1962.0,479.0,2025-08-06,GROCERY,20.98,0.0
1963.0,339.0,2025-08-27,ONLINE,27.16,0.0
1964.0,441.0,2025-05-31,ONLINE,93.04,0.0
1965.0,490.0,2025-08-22,RESTAURANT,219.53,0.0
1966.0,332.0,2025-08-29,ELECTRONICS,52.55,0.0
1967.0,53.0,2025-12-21,TRAVEL,239.6,0.0
1968.0,466.0,2025-10-25,ELECTRONICS,18.31,0.0
1969.0,274.0,2025-07-25,ONLINE,105.51,0.0
1970.0,274.0,2025-03-06,FUEL,97.59,0.0
1971.0,494.0,2025-04-28,ELECTRONICS,135.01,0.0
1972.0,342.0,2025-05-01,TRAVEL,0.0,0.0
1973.0,56.0,2025-04-15,GROCERY,71.37,0.0
1974.0,383.0,2025-12-12,FUEL,71.82,0.0
1975.0,487.0,2025-07-14,ONLINE,192.34,0.0
1976.0,119.0,2025-12-28,TRAVEL,109.79,0.0
1977.0,232.0,2025-02-13,ELECTRONICS,9.13,0.0
1978.0,52.0,2025-09-18,FUEL,77.29,0.0
1979.0,359.0,2025-08-03,ONLINE,82.89,0.0
1980.0,72.0,2025-10-06,GROCERY,82.52,0.0
1981.0,213.0,2025-05-23,ELECTRONICS,173.29,0.0
1982.0,326.0,2025-07-09,ONLINE,62.97,0.0
1983.0,421.0,2025-05-09,ONLINE,122.96,0.0
1984.0,160.0,2025-09-12,GROCERY,290.4,0.0
1985.0,455.0,2025-03-12,FUEL,220.6,0.0
1986.0,13.0,2025-08-29,ELECTRONICS,58.29,0.0
1987.0,84.0,2025-06-30,FUEL,112.18,0.0
1988.0,60.0,2025-10-18,RESTAURANT,3.94,0.0
1989.0,374.0,2025-01-14,TRAVEL,154.48,0.0
1990.0,181.0,2025-03-08,RESTAURANT,33.03,0.0
1991.0,11.0,2025-08-10,ONLINE,-100.72,0.0
1992.0,395.0,2025-05-17,TRAVEL,90.56,0.0
1993.0,139.0,2025-04-15,ONLINE,212.88,0.0
1994.0,342.0,2025-12-07,ELECTRONICS,123.66,0.0
1995.0,277.0,2025-11-27,GROCERY,90.03,0.0
1996.0,56.0,2025-02-03,TRAVEL,162.04,0.0
1997.0,302.0,2025-07-12,RESTAURANT,236.73,1.0
1998.0,431.0,2025-09-01,TRAVEL,6.15,0.0
1999.0,183.0,2025-10-12,FUEL,61.21,0.0
2000.0,417.0,2025-03-15,GROCERY,296.06,0.0
2001.0,136.0,2025-11-07,GROCERY,393.63,0.0
2002.0,142.0,2025-08-28,RESTAURANT,51.58,0.0
2003.0,86.0,2025-11-17,RESTAURANT,190.04,0.0
2004.0,106.0,2025-09-06,FUEL,51.46,0.0
2005.0,120.0,2025-11-14,GROCERY,39.41,0.0
2006.0,325.0,2025-01-11,FUEL,92.83,0.0
2007.0,66.0,2025-03-24,TRAVEL,-205.72,0.0
2008.0,273.0,2025-07-14,ELECTRONICS,83.88,0.0
2009.0,131.0,2025-04-21,ONLINE,203.83,0.0
2010.0,74.0,2025-03-14,FUEL,217.11,0.0
2011.0,411.0,2025-09-16,GROCERY,69.28,0.0
2012.0,270.0,2025-12-29,FUEL,67.61,0.0
2013.0,144.0,2025-07-16,RESTAURANT,85.68,0.0
2014.0,320.0,2025-08-11,ONLINE,103.62,0.0
2015.0,454.0,2025-08-11,GROCERY,94.24,0.0
2016.0,142.0,2025-06-02,ONLINE,111.08,0.0
2017.0,123.0,2025-09-05,ELECTRONICS,73.53,0.0
2018.0,342.0,2025-10-22,ELECTRONICS,36.02,0.0
2019.0,246.0,2025-02-11,ELECTRONICS,342.65,0.0
2020.0,337.0,2025-04-11,FUEL,61.16,0.0
2021.0,84.0,2025-03-03,TRAVEL,20.25,0.0
2022.0,467.0,2025-10-17,RESTAURANT,171.09,0.0
2023.0,9.0,2025-08-21,GROCERY,42.63,0.0
2024.0,137.0,2025-09-03,TRAVEL,159.22,0.0
2025.0,313.0,2025-08-17,TRAVEL,58.86,0.0
2026.0,261.0,2025-07-14,FUEL,386.66,0.0
2027.0,169.0,2025-10-26,GROCERY,262.35,0.0
2028.0,489.0,2025-02-27,ELECTRONICS,88.75,0.0
2029.0,173.0,2025-09-11,FUEL,148.32,0.0
2030.0,340.0,2025-11-01,FUEL,127.48,0.0
2031.0,204.0,2025-03-17,ONLINE,57.04,0.0
2032.0,221.0,2025-09-16,TRAVEL,166.79,0.0
2033.0,389.0,2025-01-26,ONLINE,110.39,0.0
2034.0,178.0,2025-03-01,ONLINE,122.33,0.0
2035.0,200.0,2025-05-23,ELECTRONICS,157.19,0.0
2036.0,391.0,2025-12-31,FUEL,96.25,0.0
2037.0,44.0,2025-05-16,FUEL,50.92,0.0
2038.0,217.0,2025-06-06,RESTAURANT,148.33,0.0
2039.0,140.0,2025-10-08,RESTAURANT,177.22,0.0
2040.0,242.0,2025-10-19,FUEL,177.87,0.0
2041.0,289.0,2025-09-03,ONLINE,180.53,0.0
2042.0,215.0,2025-01-12,RESTAURANT,135.13,0.0
2043.0,497.0,2025-11-15,RESTAURANT,21.54,0.0
2044.0,457.0,2025-04-06,ONLINE,398.24,0.0
2045.0,72.0,2025-07-04,ONLINE,176.31,0.0
2046.0,322.0,2025-09-25,RESTAURANT,76.98,0.0
2047.0,162.0,2025-04-16,GROCERY,194.85,0.0
2048.0,358.0,2025-09-08,ELECTRONICS,38.29,0.0
2049.0,243.0,2025-07-04,TRAVEL,159.93,0.0
2050.0,477.0,2025-02-27,GROCERY,83.54,0.0
2051.0,473.0,2025-03-20,TRAVEL,40.32,0.0
2052.0,29.0,2025-10-06,ELECTRONICS,39.7,0.0
2053.0,55.0,2025-01-23,TRAVEL,142.58,0.0
2054.0,12.0,2025-05-20,FUEL,155.04,0.0
2055.0,397.0,2025-07-02,RESTAURANT,48.0,0.0
2056.0,115.0,2025-05-21,ONLINE,84.48,0.0
2057.0,362.0,2025-05-31,FUEL,132.55,0.0
2058.0,167.0,2025-12-21,TRAVEL,68.1,0.0
2059.0,154.0,2025-01-12,RESTAURANT,354.9,0.0
2060.0,303.0,2025-12-25,FUEL,143.88,0.0
2061.0,387.0,2025-09-21,ELECTRONICS,96.43,0.0
2062.0,284.0,2025-12-02,ELECTRONICS,215.43,0.0
2063.0,288.0,2025-08-24,TRAVEL,152.62,0.0
2064.0,369.0,2025-12-11,TRAVEL,133.43,0.0
2065.0,86.0,2025-01-27,ELECTRONICS,145.82,0.0
2066.0,297.0,2025-09-20,FUEL,179.43,0.0
2067.0,143.0,2025-09-17,TRAVEL,62.92,0.0
2068.0,78.0,2025-12-07,ONLINE,16.04,0.0
2069.0,165.0,2025-01-31,TRAVEL,227.81,0.0
2070.0,97.0,2025-07-05,GROCERY,110.7,0.0
2071.0,162.0,2025-07-08,GROCERY,73.11,0.0
2072.0,12.0,2025-02-04,RESTAURANT,50.72,0.0
2073.0,374.0,2025-08-16,TRAVEL,45.02,0.0
2074.0,175.0,2025-06-25,FUEL,119.7,0.0
2075.0,331.0,2025-07-02,GROCERY,102.9,0.0
2076.0,375.0,2025-09-07,TRAVEL,217.35,0.0
2077.0,410.0,2025-09-30,ONLINE,157.7,0.0
2078.0,39.0,2025-08-30,RESTAURANT,177.26,0.0
2079.0,256.0,2025-05-21,TRAVEL,209.72,0.0
2080.0,209.0,2025-12-18,GROCERY,124.41,0.0
2081.0,176.0,2025-03-19,GROCERY,285.94,0.0
2082.0,404.0,2025-05-05,TRAVEL,60.17,0.0
2083.0,34.0,2025-06-27,TRAVEL,206.77,0.0
2084.0,156.0,2025-04-25,ONLINE,15.79,1.0
2085.0,398.0,2025-05-05,FUEL,16.74,0.0
2086.0,198.0,2025-12-05,GROCERY,37.32,0.0
2087.0,38.0,2025-02-25,RESTAURANT,96.79,0.0
2088.0,87.0,2025-07-06,RESTAURANT,13.84,0.0
2089.0,151.0,2025-06-21,GROCERY,94.33,0.0
2090.0,125.0,2025-02-01,RESTAURANT,76.59,0.0
2091.0,335.0,2025-03-15,GROCERY,375.45,0.0
2092.0,86.0,2025-04-10,TRAVEL,28.58,0.0
2093.0,383.0,2025-06-21,FUEL,115.82,0.0
2094.0,156.0,2025-06-01,TRAVEL,155.15,0.0
2095.0,35.0,2025-08-05,FUEL,273.18,0.0
2096.0,6.0,2025-05-18,GROCERY,174.47,0.0
2097.0,304.0,2025-10-13,RESTAURANT,229.66,0.0
2098.0,368.0,2025-05-14,ELECTRONICS,128.08,1.0
2099.0,69.0,2025-11-08,ONLINE,54.97,0.0
2100.0,155.0,2025-12-31,FUEL,25.59,0.0
2101.0,379.0,2025-09-01,TRAVEL,185.64,0.0
2102.0,434.0,2025-02-07,TRAVEL,73.58,0.0
2103.0,365.0,2025-11-23,RESTAURANT,11.37,0.0
2104.0,309.0,2025-10-26,TRAVEL,79.63,0.0
2105.0,375.0,2025-07-23,FUEL,102.36,1.0
2106.0,149.0,2025-05-05,RESTAURANT,253.02,0.0
2107.0,32.0,2025-09-17,FUEL,85.25,0.0
2108.0,283.0,2025-08-13,GROCERY,102.98,0.0
2109.0,280.0,2025-10-09,RESTAURANT,104.26,0.0
2110.0,402.0,2025-08-24,TRAVEL,203.46,0.0
2111.0,121.0,2025-10-29,FUEL,56.29,0.0
2112.0,445.0,2025-12-20,TRAVEL,140.56,0.0
2113.0,248.0,2025-10-02,RESTAURANT,68.17,0.0
2114.0,222.0,2025-04-27,RESTAURANT,-249.07,0.0
2115.0,495.0,2025-11-26,FUEL,288.43,0.0
2116.0,272.0,2025-10-29,RESTAURANT,116.23,0.0
2117.0,46.0,2025-06-22,FUEL,133.39,0.0
2118.0,127.0,2025-01-22,GROCERY,86.86,0.0
2119.0,298.0,2025-12-15,FUEL,16.67,0.0
2120.0,116.0,2025-07-17,ONLINE,104.97,0.0
2121.0,83.0,2025-05-27,GROCERY,97.64,0.0
2122.0,149.0,2025-08-10,GROCERY,78.05,0.0
2123.0,256.0,2025-01-26,TRAVEL,85.53,0.0
2124.0,47.0,2025-10-29,ELECTRONICS,141.93,0.0
2125.0,261.0,2025-03-08,TRAVEL,133.63,0.0
2126.0,364.0,2025-04-05,RESTAURANT,87.36,0.0
2127.0,229.0,2025-07-23,RESTAURANT,264.39,0.0
2128.0,348.0,2025-08-31,TRAVEL,13.76,0.0
2129.0,320.0,2025-01-06,RESTAURANT,58.74,0.0
2130.0,249.0,2025-08-01,TRAVEL,185.44,0.0
2131.0,488.0,2025-02-27,FUEL,19.93,0.0
2132.0,306.0,2025-12-15,GROCERY,13.44,0.0
2133.0,403.0,2025-05-17,ONLINE,58.11,0.0
2134.0,321.0,2025-06-29,TRAVEL,98.66,0.0
2135.0,480.0,2025-08-16,ONLINE,70.27,0.0
2136.0,216.0,2025-02-27,ONLINE,119.55,0.0
2137.0,95.0,2025-03-02,ONLINE,14.91,0.0
2138.0,91.0,2025-12-17,ONLINE,53.08,0.0
2139.0,497.0,2025-07-29,TRAVEL,165.42,0.0
2140.0,400.0,2025-03-24,ONLINE,141.09,0.0
2141.0,153.0,2025-08-31,TRAVEL,62.31,0.0
2142.0,224.0,2025-11-22,RESTAURANT,113.36,0.0
2143.0,18.0,2025-10-06,TRAVEL,97.06,0.0
2144.0,477.0,2025-05-27,ONLINE,99.28,0.0
2145.0,219.0,2025-08-30,FUEL,126.77,0.0
2146.0,193.0,2025-11-23,ONLINE,300.12,0.0
2147.0,124.0,2025-04-02,GROCERY,304.56,0.0
2148.0,42.0,2025-10-16,GROCERY,20.42,0.0
2149.0,382.0,2025-12-31,TRAVEL,83.52,0.0
2150.0,112.0,2025-05-06,ONLINE,35.52,0.0
2151.0,44.0,2025-11-21,TRAVEL,134.78,0.0
2152.0,490.0,2025-01-09,ELECTRONICS,87.29,0.0
2153.0,275.0,2025-05-17,ONLINE,209.04,0.0
2154.0,39.0,2025-04-11,ELECTRONICS,102.56,0.0
2155.0,145.0,2025-01-11,ELECTRONICS,272.18,0.0
2156.0,277.0,2025-08-08,GROCERY,312.7,0.0
2157.0,104.0,2025-07-12,ELECTRONICS,265.42,0.0
2158.0,496.0,2025-05-19,GROCERY,9.39,0.0
2159.0,438.0,2025-11-12,GROCERY,125.7,0.0
2160.0,443.0,2025-04-01,ONLINE,77.51,0.0
2161.0,258.0,2025-10-28,ONLINE,87.4,0.0
2162.0,495.0,2025-08-21,ONLINE,185.49,0.0
2163.0,163.0,2025-11-24,GROCERY,81.93,0.0
2164.0,278.0,2025-01-03,GROCERY,107.54,0.0
2165.0,374.0,2025-12-20,FUEL,112.18,0.0
2166.0,253.0,2025-01-01,ONLINE,13.76,0.0
2167.0,427.0,2025-09-18,RESTAURANT,72.24,0.0
2168.0,52.0,2025-10-02,TRAVEL,219.26,0.0
2169.0,222.0,2025-03-01,TRAVEL,11.19,0.0
2170.0,415.0,2025-01-13,TRAVEL,153.44,0.0
2171.0,92.0,2025-01-14,RESTAURANT,48.25,0.0
2172.0,193.0,2025-02-17,FUEL,76.07,0.0
2173.0,498.0,2025-02-25,RESTAURANT,175.31,0.0
2174.0,307.0,2025-12-20,RESTAURANT,38.32,0.0
2175.0,180.0,2025-03-15,ELECTRONICS,81.58,0.0
2176.0,182.0,2025-10-21,GROCERY,20.5,0.0
2177.0,103.0,2025-01-23,GROCERY,138.72,0.0
2178.0,368.0,2025-08-27,ELECTRONICS,53.53,0.0
2179.0,52.0,2025-06-15,ELECTRONICS,26.82,0.0
2180.0,105.0,2025-07-17,RESTAURANT,102.64,0.0
2181.0,62.0,2025-10-14,TRAVEL,19.45,0.0
2182.0,377.0,2025-03-18,GROCERY,74.28,0.0
2183.0,472.0,2025-01-02,GROCERY,49.31,0.0
2184.0,44.0,2025-03-22,ELECTRONICS,120.24,0.0
2185.0,474.0,2025-10-21,FUEL,122.23,0.0
2186.0,459.0,2025-08-04,ELECTRONICS,57.32,0.0
2187.0,254.0,2025-12-04,ONLINE,267.71,0.0
2188.0,19.0,2025-11-01,ONLINE,211.75,0.0
2189.0,347.0,2025-02-25,ELECTRONICS,43.05,0.0
2190.0,263.0,2025-01-22,RESTAURANT,428.09,1.0
2191.0,417.0,2025-01-08,ONLINE,169.51,0.0
2192.0,148.0,2025-03-11,TRAVEL,130.2,0.0
2193.0,279.0,2025-06-24,ONLINE,136.65,0.0
2194.0,446.0,2025-01-07,TRAVEL,32.87,0.0
2195.0,334.0,2025-11-14,TRAVEL,235.78,0.0
2196.0,324.0,2025-06-24,RESTAURANT,13.89,0.0
2197.0,484.0,2025-09-26,ELECTRONICS,136.07,0.0
2198.0,245.0,2025-11-15,TRAVEL,213.71,0.0
2199.0,87.0,2025-01-13,ONLINE,46.38,0.0
2200.0,489.0,2025-06-08,ONLINE,178.1,0.0
2201.0,70.0,2025-09-03,ONLINE,110.26,0.0
2202.0,276.0,2025-12-30,GROCERY,186.09,0.0
2203.0,377.0,2025-10-26,FUEL,207.01,0.0
2204.0,394.0,2025-03-21,FUEL,284.27,0.0
2205.0,352.0,2025-04-09,GROCERY,243.1,0.0
2206.0,213.0,2025-10-19,RESTAURANT,16.38,0.0
2207.0,93.0,2025-08-27,ELECTRONICS,44.03,0.0
2208.0,20.0,2025-04-02,TRAVEL,146.67,0.0
2209.0,152.0,2025-06-30,ONLINE,208.95,0.0
2210.0,487.0,2025-12-06,FUEL,38.55,0.0
2211.0,343.0,2025-03-17,FUEL,167.06,0.0
2212.0,204.0,2025-05-01,RESTAURANT,255.06,0.0
2213.0,248.0,2025-11-26,FUEL,203.43,0.0
2214.0,168.0,2025-09-03,ELECTRONICS,165.21,0.0
2215.0,447.0,2025-03-23,RESTAURANT,97.15,0.0
2216.0,227.0,2025-04-15,ELECTRONICS,93.45,0.0
2217.0,419.0,2025-11-03,FUEL,382.74,0.0
2218.0,26.0,2025-04-13,ONLINE,67.0,0.0
2219.0,244.0,2025-09-14,FUEL,44.04,0.0
2220.0,302.0,2025-06-30,TRAVEL,26.63,0.0
2221.0,334.0,2025-03-22,GROCERY,158.06,0.0
2222.0,12.0,2025-05-15,FUEL,142.68,0.0
2223.0,322.0,2025-09-17,FUEL,104.21,0.0
2224.0,420.0,2025-10-20,ELECTRONICS,142.6,0.0
2225.0,47.0,2025-01-10,ONLINE,185.96,0.0
2226.0,166.0,2025-11-27,RESTAURANT,86.45,0.0
2227.0,213.0,2025-03-28,ELECTRONICS,150.05,0.0
2228.0,128.0,2025-08-25,ELECTRONICS,80.21,0.0
2229.0,220.0,2025-04-15,FUEL,153.73,0.0
2230.0,447.0,2025-04-08,FUEL,256.19,0.0
2231.0,449.0,2025-11-21,TRAVEL,199.27,0.0
2232.0,301.0,2025-09-13,ELECTRONICS,318.54,0.0
2233.0,443.0,2025-12-01,GROCERY,67.28,0.0
2234.0,408.0,2025-01-08,FUEL,54.81,0.0
2235.0,29.0,2025-04-09,TRAVEL,140.33,0.0
2236.0,194.0,2025-01-18,GROCERY,69.1,0.0
2237.0,423.0,2025-06-23,FUEL,158.6,0.0
2238.0,222.0,2025-06-18,RESTAURANT,120.16,0.0
2239.0,306.0,2025-12-25,ELECTRONICS,44.7,0.0
2240.0,207.0,2025-03-26,TRAVEL,144.99,0.0
2241.0,9.0,2025-09-01,FUEL,47.61,0.0
2242.0,283.0,2025-12-29,ONLINE,268.77,0.0
2243.0,191.0,2025-01-26,FUEL,87.93,0.0
2244.0,387.0,2025-06-12,ELECTRONICS,54.3,0.0
2245.0,445.0,2025-05-23,ONLINE,122.93,0.0
2246.0,53.0,2025-01-10,RESTAURANT,133.16,0.0
2247.0,180.0,2025-06-03,ONLINE,65.4,0.0
2248.0,197.0,2025-04-03,ONLINE,62.79,0.0
2249.0,339.0,2025-04-22,ELECTRONICS,19.2,0.0
2250.0,199.0,2025-03-19,TRAVEL,191.91,0.0
2251.0,283.0,2025-07-09,GROCERY,263.66,0.0
2252.0,455.0,2025-05-26,RESTAURANT,212.92,0.0
2253.0,295.0,2025-09-26,RESTAURANT,52.82,0.0
2254.0,50.0,2025-05-10,ELECTRONICS,142.23,0.0
2255.0,241.0,2025-09-10,TRAVEL,124.41,0.0
2256.0,444.0,2025-07-12,GROCERY,25.39,0.0
2257.0,242.0,2025-05-09,GROCERY,64.96,0.0
2258.0,492.0,2025-10-28,ELECTRONICS,134.94,0.0
2259.0,452.0,2025-09-26,ONLINE,11.22,0.0
2260.0,132.0,2025-07-11,ELECTRONICS,38.13,0.0
2261.0,207.0,2025-07-14,TRAVEL,176.29,0.0
2262.0,93.0,2025-10-06,GROCERY,51.22,0.0
2263.0,96.0,2025-10-08,RESTAURANT,25.75,0.0
2264.0,184.0,2025-09-17,TRAVEL,205.29,0.0
2265.0,210.0,2025-02-11,GROCERY,51.23,0.0
2266.0,176.0,2025-03-25,ELECTRONICS,177.24,0.0
2267.0,367.0,2025-05-28,RESTAURANT,313.54,0.0
2268.0,76.0,2025-07-29,GROCERY,36.99,0.0
2269.0,238.0,2025-05-25,TRAVEL,90.49,0.0
2270.0,445.0,2025-10-30,RESTAURANT,125.33,0.0
2271.0,367.0,2025-05-09,ELECTRONICS,202.7,0.0
2272.0,103.0,2025-07-18,ONLINE,64.73,0.0
2273.0,120.0,2025-09-12,ONLINE,4.46,0.0
2274.0,464.0,2025-05-18,ONLINE,36.97,0.0
2275.0,292.0,2025-07-23,FUEL,76.17,0.0
2276.0,440.0,2025-09-23,TRAVEL,177.0,0.0
2277.0,433.0,2025-05-21,RESTAURANT,91.23,0.0
2278.0,221.0,2025-12-21,RESTAURANT,168.77,0.0
2279.0,265.0,2025-07-15,GROCERY,73.91,0.0
2280.0,185.0,2025-10-15,ONLINE,116.55,0.0
2281.0,319.0,2025-09-15,FUEL,186.55,0.0
2282.0,325.0,2025-10-25,ONLINE,222.26,0.0
2283.0,340.0,2025-09-04,GROCERY,361.16,0.0
2284.0,431.0,2025-07-16,RESTAURANT,128.78,0.0
2285.0,370.0,2025-10-05,RESTAURANT,14.69,0.0
2286.0,51.0,2025-06-20,GROCERY,145.84,0.0
2287.0,176.0,2025-11-07,ONLINE,13.46,0.0
2288.0,285.0,2025-07-03,ONLINE,0.0,0.0
2289.0,314.0,2025-09-27,FUEL,-113.39,0.0
2290.0,433.0,2025-03-17,FUEL,214.0,0.0
2291.0,209.0,2025-03-07,ELECTRONICS,73.5,0.0
2292.0,411.0,2025-07-26,RESTAURANT,117.6,0.0
2293.0,196.0,2025-11-06,TRAVEL,147.67,0.0
2294.0,74.0,2025-09-25,ONLINE,6.31,0.0
2295.0,238.0,2025-05-02,ONLINE,142.71,0.0
2296.0,75.0,2025-11-09,TRAVEL,54.44,0.0
2297.0,204.0,2025-09-01,RESTAURANT,131.98,0.0
2298.0,122.0,2025-07-23,ELECTRONICS,10.38,0.0
2299.0,13.0,2025-12-28,FUEL,164.2,0.0
2300.0,332.0,2025-10-12,ONLINE,154.43,0.0
2301.0,371.0,2025-04-18,ELECTRONICS,207.54,0.0
2302.0,66.0,2025-01-24,GROCERY,19.19,0.0
2303.0,293.0,2025-04-09,ONLINE,354.29,0.0
2304.0,252.0,2025-03-06,TRAVEL,30.63,0.0
2305.0,69.0,2025-03-08,TRAVEL,116.97,0.0
2306.0,305.0,2025-07-10,FUEL,77.42,0.0
2307.0,131.0,2025-12-26,FUEL,93.16,0.0
2308.0,412.0,2025-08-25,RESTAURANT,320.08,0.0
2309.0,306.0,2025-06-05,ONLINE,35.5,0.0
2310.0,56.0,2025-04-01,ONLINE,287.08,0.0
2311.0,260.0,2025-10-14,ELECTRONICS,181.39,0.0
2312.0,59.0,2025-07-20,GROCERY,101.66,0.0
2313.0,362.0,2025-01-18,ONLINE,100.84,0.0
2314.0,149.0,2025-06-20,GROCERY,154.89,0.0
2315.0,245.0,2025-03-07,ELECTRONICS,72.8,0.0
2316.0,349.0,2025-07-01,TRAVEL,85.15,0.0
2317.0,423.0,2025-01-24,GROCERY,116.47,0.0
2318.0,257.0,2025-03-19,FUEL,265.17,0.0
2319.0,39.0,2025-10-25,FUEL,92.1,0.0
2320.0,130.0,2025-03-03,ELECTRONICS,16.55,0.0
2321.0,307.0,2025-02-08,RESTAURANT,120.24,0.0
2322.0,21.0,2025-03-22,TRAVEL,96.6,0.0
2323.0,186.0,2025-12-03,FUEL,59.01,0.0
2324.0,162.0,2025-12-13,ELECTRONICS,134.77,0.0
2325.0,154.0,2025-08-31,ELECTRONICS,60.85,0.0
2326.0,477.0,2025-10-12,RESTAURANT,90.27,0.0
2327.0,472.0,2025-11-28,ONLINE,116.88,0.0
2328.0,449.0,2025-04-18,FUEL,125.85,0.0
2329.0,432.0,2025-05-30,FUEL,143.0,0.0
2330.0,447.0,2025-01-11,ONLINE,158.06,0.0
2331.0,92.0,2025-07-11,GROCERY,114.95,0.0
2332.0,197.0,2025-12-04,ONLINE,21.56,0.0
2333.0,29.0,2025-01-11,TRAVEL,129.33,0.0
2334.0,399.0,2025-09-17,RESTAURANT,203.61,0.0
2335.0,434.0,2025-06-20,ONLINE,15.98,0.0
2336.0,15.0,2025-12-19,GROCERY,21.83,0.0
2337.0,85.0,2025-08-04,RESTAURANT,52.32,0.0
2338.0,85.0,2025-05-28,TRAVEL,194.77,0.0
2339.0,465.0,2025-02-06,GROCERY,49.56,0.0
2340.0,396.0,2025-07-24,ONLINE,196.72,0.0
2341.0,139.0,2025-12-25,FUEL,123.44,0.0
2342.0,23.0,2025-01-05,ELECTRONICS,63.25,0.0
2343.0,206.0,2025-01-02,FUEL,561.24,0.0
2344.0,293.0,2025-11-21,TRAVEL,31.17,0.0
2345.0,23.0,2025-04-08,GROCERY,105.21,0.0
2346.0,235.0,2025-08-10,FUEL,44.11,0.0
2347.0,269.0,2025-08-13,GROCERY,133.88,0.0
2348.0,491.0,2025-06-25,RESTAURANT,46.08,1.0
2349.0,95.0,2025-07-01,RESTAURANT,71.25,0.0
2350.0,92.0,2025-09-09,TRAVEL,54.62,0.0
2351.0,216.0,2025-03-29,ONLINE,83.2,0.0
2352.0,160.0,2025-03-07,FUEL,202.26,0.0
2353.0,460.0,2025-12-27,ELECTRONICS,26.57,0.0
2354.0,394.0,2025-01-04,RESTAURANT,50.34,0.0
2355.0,127.0,2025-03-10,RESTAURANT,73.89,0.0
2356.0,168.0,2025-09-24,TRAVEL,86.05,0.0
2357.0,318.0,2025-07-27,GROCERY,253.14,0.0
2358.0,436.0,2025-04-28,ELECTRONICS,52.56,0.0
2359.0,101.0,2025-02-12,ELECTRONICS,196.02,0.0
2360.0,149.0,2025-05-14,ELECTRONICS,275.55,0.0
2361.0,305.0,2025-01-21,GROCERY,90.55,0.0
2362.0,430.0,2025-07-22,RESTAURANT,41.27,0.0
2363.0,145.0,2025-06-28,ONLINE,231.19,0.0
2364.0,234.0,2025-12-02,ELECTRONICS,184.28,0.0
2365.0,341.0,2025-10-21,RESTAURANT,37.46,0.0
2366.0,213.0,2025-06-21,GROCERY,305.16,0.0
2367.0,386.0,2025-07-13,ELECTRONICS,57.08,0.0
2368.0,258.0,2025-09-09,GROCERY,89.44,0.0
2369.0,441.0,2025-04-18,FUEL,163.04,0.0
2370.0,304.0,2025-08-08,RESTAURANT,280.41,0.0
2371.0,460.0,2025-01-07,GROCERY,128.18,0.0
2372.0,430.0,2025-12-09,ONLINE,82.03,0.0
2373.0,121.0,2025-12-10,RESTAURANT,72.54,0.0
2374.0,449.0,2025-11-21,RESTAURANT,81.97,0.0
2375.0,65.0,2025-03-19,TRAVEL,422.9,0.0
2376.0,142.0,2025-10-15,FUEL,141.67,0.0
2377.0,25.0,2025-07-29,TRAVEL,115.3,0.0
2378.0,53.0,2025-12-25,GROCERY,185.64,0.0
2379.0,361.0,2025-01-06,RESTAURANT,86.72,0.0
2380.0,56.0,2025-05-26,TRAVEL,270.43,0.0
2381.0,94.0,2025-02-05,ONLINE,150.51,0.0
2382.0,205.0,2025-12-12,ONLINE,80.36,0.0
2383.0,401.0,2025-03-04,FUEL,67.34,0.0
2384.0,406.0,2025-01-15,ELECTRONICS,18.65,0.0
2385.0,483.0,2025-02-10,GROCERY,-201.91,0.0
2386.0,28.0,2025-12-19,GROCERY,26.24,0.0
2387.0,74.0,2025-07-13,RESTAURANT,259.9,0.0
2388.0,200.0,2025-02-09,GROCERY,49.16,0.0
2389.0,142.0,2025-05-25,ELECTRONICS,54.89,0.0
2390.0,49.0,2025-06-05,FUEL,354.49,0.0
2391.0,263.0,2025-10-20,RESTAURANT,191.23,0.0
2392.0,235.0,2025-03-22,ELECTRONICS,113.06,0.0
2393.0,216.0,2025-02-12,ONLINE,332.1,0.0
2394.0,12.0,2025-10-01,ONLINE,97.29,0.0
2395.0,213.0,2025-06-07,FUEL,70.3,0.0
2396.0,230.0,2025-02-15,ONLINE,121.25,0.0
2397.0,109.0,2025-06-06,FUEL,211.73,0.0
2398.0,398.0,2025-06-05,TRAVEL,32.9,0.0
2399.0,445.0,2025-03-26,ONLINE,53.77,0.0
2400.0,465.0,2025-03-15,FUEL,42.23,0.0
2401.0,341.0,2025-02-05,ELECTRONICS,35.86,0.0
2402.0,339.0,2025-11-03,TRAVEL,89.38,0.0
2403.0,77.0,2025-01-04,GROCERY,35.11,0.0
2404.0,198.0,2025-07-05,ONLINE,15.93,0.0
2405.0,3.0,2025-01-07,GROCERY,53.37,0.0
2406.0,280.0,2025-10-21,FUEL,50.29,0.0
2407.0,382.0,2025-05-26,RESTAURANT,144.26,0.0
2408.0,335.0,2025-12-25,FUEL,198.89,0.0
2409.0,8.0,2025-01-20,GROCERY,60.88,0.0
2410.0,279.0,2025-05-02,GROCERY,54.31,0.0
2411.0,441.0,2025-05-25,TRAVEL,341.29,0.0
2412.0,52.0,2025-01-26,GROCERY,193.82,0.0
2413.0,265.0,2025-06-09,GROCERY,132.7,0.0
2414.0,126.0,2025-06-17,FUEL,78.34,0.0
2415.0,466.0,2025-06-12,FUEL,190.77,0.0
2416.0,276.0,2025-07-14,ONLINE,38.89,0.0
2417.0,386.0,2025-03-11,RESTAURANT,196.92,0.0
2418.0,263.0,2025-03-29,TRAVEL,149.44,0.0
2419.0,448.0,2025-07-02,ELECTRONICS,170.49,0.0
2420.0,144.0,2025-08-24,ELECTRONICS,114.06,0.0
2421.0,372.0,2025-05-24,TRAVEL,28.61,0.0
2422.0,215.0,2025-06-16,ELECTRONICS,39.96,0.0
2423.0,289.0,2025-12-28,ONLINE,155.38,0.0
2424.0,343.0,2025-08-24,RESTAURANT,143.92,0.0
2425.0,87.0,2025-01-17,TRAVEL,66.58,0.0
2426.0,434.0,2025-05-12,ONLINE,65.43,0.0
2427.0,364.0,2025-01-20,GROCERY,234.93,0.0
2428.0,205.0,2025-11-16,TRAVEL,103.0,0.0
2429.0,297.0,2025-10-28,FUEL,50.87,0.0
2430.0,332.0,2025-06-20,RESTAURANT,261.21,0.0
2431.0,228.0,2025-04-08,GROCERY,244.84,0.0
2432.0,318.0,2025-09-20,GROCERY,102.85,0.0
2433.0,280.0,2025-03-09,FUEL,119.72,0.0
2434.0,390.0,2025-10-09,ELECTRONICS,194.3,0.0
2435.0,117.0,2025-11-16,FUEL,163.42,0.0
2436.0,3.0,2025-03-07,GROCERY,27.57,0.0
2437.0,203.0,2025-07-14,FUEL,267.08,0.0
2438.0,413.0,2025-02-26,TRAVEL,22.21,0.0
2439.0,63.0,2025-08-13,ONLINE,142.9,0.0
2440.0,431.0,2025-09-04,ONLINE,34.07,0.0
2441.0,205.0,2025-01-03,ELECTRONICS,163.2,0.0
2442.0,105.0,2025-12-11,FUEL,56.04,0.0
2443.0,234.0,2025-04-06,GROCERY,59.47,0.0
2444.0,406.0,2025-06-19,GROCERY,-186.57,0.0
2445.0,429.0,2025-04-05,ELECTRONICS,34.05,0.0
2446.0,307.0,2025-11-27,TRAVEL,66.48,0.0
2447.0,264.0,2025-10-05,GROCERY,35.32,0.0
2448.0,404.0,2025-12-28,TRAVEL,113.14,0.0
2449.0,455.0,2025-05-21,RESTAURANT,34.69,0.0
2450.0,398.0,2025-07-25,ELECTRONICS,134.12,0.0
2451.0,484.0,2025-07-30,ELECTRONICS,242.66,0.0
2452.0,416.0,2025-03-25,ONLINE,11.63,0.0
2453.0,25.0,2025-12-07,TRAVEL,56.28,0.0
2454.0,10.0,2025-11-12,FUEL,38.61,0.0
2455.0,299.0,2025-12-26,ELECTRONICS,28.1,0.0
2456.0,479.0,2025-06-16,RESTAURANT,131.49,0.0
2457.0,150.0,2025-02-16,ONLINE,120.25,0.0
2458.0,484.0,2025-02-27,RESTAURANT,265.96,0.0
2459.0,426.0,2025-07-22,ELECTRONICS,172.69,0.0
2460.0,71.0,2025-10-26,ONLINE,107.2,0.0
2461.0,248.0,2025-09-13,GROCERY,127.1,0.0
2462.0,111.0,2025-09-25,ELECTRONICS,66.36,0.0
2463.0,40.0,2025-10-13,ONLINE,130.26,0.0
2464.0,346.0,2025-11-04,RESTAURANT,22.48,0.0
2465.0,108.0,2025-12-02,TRAVEL,91.89,0.0
2466.0,280.0,2025-05-13,FUEL,146.04,0.0
2467.0,337.0,2025-09-23,GROCERY,88.04,0.0
2468.0,217.0,2025-04-12,TRAVEL,58.24,0.0
2469.0,40.0,2025-09-09,FUEL,110.94,0.0
2470.0,35.0,2025-01-21,TRAVEL,50.72,0.0
2471.0,190.0,2025-01-20,FUEL,83.79,0.0
2472.0,22.0,2025-03-14,TRAVEL,184.75,0.0
2473.0,436.0,2025-07-18,FUEL,193.07,0.0
2474.0,84.0,2025-11-29,FUEL,122.21,0.0
2475.0,15.0,2025-08-07,FUEL,42.07,0.0
2476.0,71.0,2025-07-24,FUEL,77.29,0.0
2477.0,349.0,2025-09-12,FUEL,112.51,0.0
2478.0,295.0,2025-11-20,RESTAURANT,55.77,0.0
2479.0,338.0,2025-08-01,RESTAURANT,315.81,0.0
2480.0,174.0,2025-09-27,GROCERY,56.9,0.0
2481.0,161.0,2025-05-30,RESTAURANT,106.77,0.0
2482.0,336.0,2025-12-30,RESTAURANT,201.67,0.0
2483.0,57.0,2025-06-27,FUEL,282.17,0.0
2484.0,198.0,2025-11-22,ELECTRONICS,41.21,0.0
2485.0,52.0,2025-12-20,ONLINE,23.25,0.0
2486.0,213.0,2025-11-19,GROCERY,121.1,0.0
2487.0,485.0,2025-05-01,TRAVEL,341.33,0.0
2488.0,426.0,2025-05-17,ONLINE,27.39,0.0
2489.0,339.0,2025-10-14,RESTAURANT,79.68,0.0
2490.0,329.0,2025-12-05,ELECTRONICS,129.06,0.0
2491.0,188.0,2025-08-10,TRAVEL,110.47,0.0
2492.0,353.0,2025-10-11,ONLINE,144.3,0.0
2493.0,417.0,2025-06-11,FUEL,255.21,0.0
2494.0,280.0,2025-11-09,RESTAURANT,204.52,0.0
2495.0,52.0,2025-06-01,TRAVEL,78.23,0.0
2496.0,348.0,2025-08-15,GROCERY,26.94,0.0
2497.0,64.0,2025-07-16,ONLINE,215.35,0.0
2498.0,162.0,2025-11-02,ONLINE,79.47,0.0
2499.0,99.0,2025-10-19,FUEL,109.35,0.0
2500.0,26.0,2025-11-03,ELECTRONICS,190.03,0.0
2501.0,382.0,2025-02-14,ELECTRONICS,210.73,0.0
2502.0,323.0,2025-03-31,TRAVEL,182.4,0.0
2503.0,205.0,2025-11-29,RESTAURANT,304.16,0.0
2504.0,191.0,2025-02-17,TRAVEL,100.39,0.0
2505.0,322.0,2025-10-10,ELECTRONICS,60.04,0.0
2506.0,266.0,2025-08-20,GROCERY,45.76,0.0
2507.0,117.0,2025-05-08,ONLINE,63.0,0.0
2508.0,241.0,2025-01-14,TRAVEL,65.17,0.0
2509.0,389.0,2025-01-04,GROCERY,122.5,0.0
2510.0,277.0,2025-11-22,ONLINE,155.15,0.0
2511.0,401.0,2025-02-08,RESTAURANT,39.96,0.0
2512.0,255.0,2025-09-29,FUEL,190.43,0.0
2513.0,207.0,2025-02-22,RESTAURANT,203.45,0.0
2514.0,372.0,2025-05-25,TRAVEL,157.85,1.0
2515.0,105.0,2025-02-07,GROCERY,70.88,0.0
2516.0,314.0,2025-08-21,TRAVEL,248.92,0.0
2517.0,316.0,2025-02-07,RESTAURANT,98.99,0.0
2518.0,139.0,2025-08-17,TRAVEL,53.73,0.0
2519.0,129.0,2025-12-17,GROCERY,39.59,0.0
2520.0,42.0,2025-09-28,TRAVEL,115.07,0.0
2521.0,75.0,2025-08-29,ELECTRONICS,71.94,0.0
2522.0,48.0,2025-11-27,ELECTRONICS,30.06,0.0
2523.0,308.0,2025-10-27,RESTAURANT,21.88,0.0
2524.0,61.0,2025-09-25,ONLINE,128.4,0.0
2525.0,257.0,2025-07-25,TRAVEL,25.71,0.0
2526.0,56.0,2025-05-23,RESTAURANT,7.57,0.0
2527.0,392.0,2025-08-15,ONLINE,205.48,0.0
2528.0,339.0,2025-02-08,GROCERY,44.41,0.0
2529.0,147.0,2025-11-18,ELECTRONICS,143.64,0.0
2530.0,368.0,2025-11-20,ELECTRONICS,113.31,0.0
2531.0,113.0,2025-04-06,ELECTRONICS,58.84,0.0
2532.0,318.0,2025-10-04,TRAVEL,268.13,0.0
2533.0,321.0,2025-09-11,ELECTRONICS,160.42,0.0
2534.0,219.0,2025-11-08,GROCERY,94.29,0.0
2535.0,351.0,2025-11-25,ELECTRONICS,48.24,0.0
2536.0,474.0,2025-09-29,GROCERY,151.45,0.0
2537.0,207.0,2025-12-08,RESTAURANT,168.59,0.0
2538.0,142.0,2025-04-29,ELECTRONICS,105.7,0.0
2539.0,222.0,2025-06-12,ONLINE,96.18,0.0
2540.0,284.0,2025-02-24,TRAVEL,160.1,0.0
2541.0,62.0,2025-11-09,RESTAURANT,92.56,0.0
2542.0,480.0,2025-04-12,TRAVEL,52.88,0.0
2543.0,235.0,2025-07-03,ELECTRONICS,27.72,0.0
2544.0,482.0,2025-03-01,RESTAURANT,93.12,0.0
2545.0,481.0,2025-04-05,GROCERY,26.85,0.0
2546.0,32.0,2025-09-04,GROCERY,170.08,0.0
2547.0,57.0,2025-04-02,ONLINE,93.13,0.0
2548.0,91.0,2025-07-08,GROCERY,188.68,0.0
2549.0,284.0,2025-06-14,TRAVEL,119.82,0.0
2550.0,177.0,2025-08-13,ONLINE,144.09,0.0
2551.0,10.0,2025-04-05,ELECTRONICS,57.17,0.0
2552.0,283.0,2025-06-26,GROCERY,88.36,0.0
2553.0,163.0,2025-01-11,RESTAURANT,118.61,0.0
2554.0,422.0,2025-07-09,RESTAURANT,108.69,0.0
2555.0,381.0,2025-02-08,ELECTRONICS,105.21,0.0
2556.0,423.0,2025-09-23,FUEL,39.14,0.0
2557.0,284.0,2025-11-06,ELECTRONICS,16.35,0.0
2558.0,348.0,2025-05-27,ONLINE,36.59,0.0
2559.0,41.0,2025-11-19,TRAVEL,5.01,0.0
2560.0,380.0,2025-05-24,ELECTRONICS,19.19,0.0
2561.0,226.0,2025-11-15,FUEL,125.0,0.0
2562.0,3.0,2025-07-09,ONLINE,79.62,0.0
2563.0,40.0,2025-07-22,RESTAURANT,50.12,0.0
2564.0,155.0,2025-05-30,FUEL,78.38,0.0
2565.0,187.0,2025-12-08,RESTAURANT,12.54,0.0
2566.0,105.0,2025-09-15,TRAVEL,91.35,0.0
2567.0,385.0,2025-07-02,TRAVEL,29.8,0.0
2568.0,224.0,2025-10-18,ONLINE,225.19,0.0
2569.0,130.0,2025-06-18,ONLINE,148.88,0.0
2570.0,337.0,2025-11-16,TRAVEL,139.82,0.0
2571.0,227.0,2025-06-23,RESTAURANT,107.26,0.0
2572.0,390.0,2025-10-23,TRAVEL,158.09,0.0
2573.0,251.0,2025-04-03,FUEL,91.72,0.0
2574.0,375.0,2025-07-26,RESTAURANT,48.92,0.0
2575.0,427.0,2025-08-12,FUEL,141.57,0.0
2576.0,40.0,2025-07-12,TRAVEL,195.94,0.0
2577.0,61.0,2025-06-13,RESTAURANT,41.27,0.0
2578.0,366.0,2025-01-01,GROCERY,22.13,0.0
2579.0,276.0,2025-12-22,GROCERY,322.9,0.0
2580.0,121.0,2025-03-20,GROCERY,244.8,0.0
2581.0,16.0,2025-03-04,GROCERY,99.44,0.0
2582.0,478.0,2025-10-24,ELECTRONICS,9.28,0.0
2583.0,47.0,2025-01-28,TRAVEL,119.09,0.0
2584.0,232.0,2025-10-06,ONLINE,438.42,0.0
2585.0,111.0,2025-05-09,ELECTRONICS,157.18,0.0
2586.0,198.0,2025-09-20,RESTAURANT,147.98,0.0
2587.0,360.0,2025-03-20,RESTAURANT,93.84,0.0
2588.0,255.0,2025-09-14,FUEL,138.51,0.0
2589.0,21.0,2025-12-29,FUEL,156.64,0.0
2590.0,44.0,2025-07-04,GROCERY,111.81,0.0
2591.0,473.0,2025-07-23,ELECTRONICS,83.59,0.0
2592.0,126.0,2025-08-12,GROCERY,113.22,0.0
2593.0,214.0,2025-05-12,RESTAURANT,109.31,0.0
2594.0,393.0,2025-07-21,ELECTRONICS,11.67,0.0
2595.0,420.0,2025-08-23,ONLINE,384.15,0.0
2596.0,143.0,2025-01-10,ONLINE,148.06,0.0
2597.0,111.0,2025-06-15,ELECTRONICS,219.16,0.0
2598.0,219.0,2025-07-12,RESTAURANT,122.16,0.0
2599.0,169.0,2025-03-18,ONLINE,64.35,0.0
2600.0,351.0,2025-06-21,ONLINE,188.02,0.0
2601.0,364.0,2025-05-24,GROCERY,20.77,0.0
2602.0,131.0,2025-07-22,TRAVEL,152.41,0.0
2603.0,190.0,2025-04-15,FUEL,186.53,0.0
2604.0,366.0,2025-11-24,TRAVEL,92.57,0.0
2605.0,254.0,2025-08-21,ELECTRONICS,142.02,0.0
2606.0,276.0,2025-08-17,ELECTRONICS,11.92,0.0
2607.0,405.0,2025-10-26,FUEL,146.57,0.0
2608.0,326.0,2025-01-08,GROCERY,74.72,0.0
2609.0,326.0,2025-04-06,FUEL,142.54,0.0
2610.0,241.0,2025-03-07,ELECTRONICS,95.77,0.0
2611.0,418.0,2025-08-15,FUEL,94.85,0.0
2612.0,12.0,2025-05-05,ONLINE,145.75,0.0
2613.0,44.0,2025-09-16,ONLINE,77.72,0.0
2614.0,339.0,2025-12-10,RESTAURANT,92.15,0.0
2615.0,305.0,2025-05-16,TRAVEL,332.27,0.0
2616.0,140.0,2025-05-01,RESTAURANT,229.16,0.0
2617.0,301.0,2025-06-27,ELECTRONICS,83.55,0.0
2618.0,54.0,2025-06-28,GROCERY,97.2,0.0
2619.0,304.0,2025-05-11,GROCERY,60.65,0.0
2620.0,181.0,2025-05-07,ELECTRONICS,74.93,0.0
2621.0,295.0,2025-05-17,FUEL,77.81,0.0
2622.0,171.0,2025-06-27,ONLINE,107.76,0.0
2623.0,362.0,2025-06-12,RESTAURANT,13.9,0.0
2624.0,56.0,2025-06-16,GROCERY,73.3,0.0
2625.0,423.0,2025-04-18,FUEL,63.78,0.0
2626.0,248.0,2025-08-20,ONLINE,249.91,0.0
2627.0,115.0,2025-06-28,FUEL,96.37,0.0
2628.0,482.0,2025-03-25,RESTAURANT,118.81,0.0
2629.0,53.0,2025-10-02,FUEL,71.66,0.0
2630.0,269.0,2025-11-18,ELECTRONICS,96.96,0.0
2631.0,37.0,2025-05-24,GROCERY,74.93,0.0
2632.0,450.0,2025-07-10,FUEL,108.95,0.0
2633.0,80.0,2025-12-12,ONLINE,141.8,0.0
2634.0,126.0,2025-04-26,RESTAURANT,31.13,0.0
2635.0,328.0,2025-03-21,TRAVEL,156.18,0.0
2636.0,443.0,2025-05-07,GROCERY,45.12,0.0
2637.0,209.0,2025-06-14,GROCERY,340.03,0.0
2638.0,131.0,2025-06-11,TRAVEL,107.25,0.0
2639.0,175.0,2025-08-08,ONLINE,117.61,0.0
2640.0,459.0,2025-04-11,ONLINE,121.03,0.0
2641.0,455.0,2025-07-18,ELECTRONICS,102.26,0.0
2642.0,62.0,2025-02-09,FUEL,55.86,0.0
2643.0,451.0,2025-12-12,ELECTRONICS,117.84,0.0
2644.0,421.0,2025-04-18,FUEL,113.0,0.0
2645.0,270.0,2025-04-29,ONLINE,50.46,0.0
2646.0,128.0,2025-02-28,FUEL,31.49,0.0
2647.0,230.0,2025-05-18,FUEL,187.19,0.0
2648.0,388.0,2025-12-22,FUEL,73.2,0.0
2649.0,136.0,2025-08-06,TRAVEL,87.47,0.0
2650.0,172.0,2025-09-01,FUEL,113.38,0.0
2651.0,230.0,2025-08-06,TRAVEL,54.62,0.0
2652.0,34.0,2025-05-02,TRAVEL,125.28,0.0
2653.0,206.0,2025-10-15,FUEL,90.66,0.0
2654.0,67.0,2025-05-06,ONLINE,97.22,0.0
2655.0,4.0,2025-10-17,FUEL,212.6,0.0
2656.0,194.0,2025-12-26,FUEL,110.35,0.0
2657.0,380.0,2025-01-04,FUEL,84.24,0.0
2658.0,492.0,2025-03-03,GROCERY,41.72,0.0
2659.0,220.0,2025-10-06,GROCERY,120.6,0.0
2660.0,377.0,2025-02-14,TRAVEL,181.96,0.0
2661.0,112.0,2025-09-20,RESTAURANT,85.36,0.0
2662.0,319.0,2025-03-31,FUEL,180.97,0.0
2663.0,334.0,2025-08-02,GROCERY,121.81,0.0
2664.0,167.0,2025-08-27,ONLINE,104.1,0.0
2665.0,224.0,2025-04-26,FUEL,132.56,0.0
2666.0,336.0,2025-11-10,RESTAURANT,32.68,0.0
2667.0,157.0,2025-11-28,TRAVEL,74.1,0.0
2668.0,302.0,2025-03-21,TRAVEL,76.33,0.0
2669.0,116.0,2025-09-27,RESTAURANT,88.19,0.0
2670.0,268.0,2025-09-03,ONLINE,304.23,0.0
2671.0,30.0,2025-04-04,ONLINE,106.64,0.0
2672.0,224.0,2025-10-25,ELECTRONICS,28.07,0.0
2673.0,252.0,2025-04-22,GROCERY,60.71,0.0
2674.0,414.0,2025-04-04,TRAVEL,97.28,0.0
2675.0,188.0,2025-09-17,RESTAURANT,110.04,0.0
2676.0,4.0,2025-02-13,RESTAURANT,4.65,0.0
2677.0,21.0,2025-12-01,FUEL,140.85,0.0
2678.0,270.0,2025-05-21,GROCERY,145.11,0.0
2679.0,407.0,2025-06-29,TRAVEL,40.07,0.0
2680.0,446.0,2025-09-05,GROCERY,178.48,0.0
2681.0,405.0,2025-11-17,ONLINE,84.89,0.0
2682.0,170.0,2025-10-09,ELECTRONICS,47.19,0.0
2683.0,246.0,2025-05-20,ELECTRONICS,37.54,0.0
2684.0,445.0,2025-10-01,GROCERY,138.75,0.0
2685.0,420.0,2025-05-25,GROCERY,64.06,0.0
2686.0,227.0,2025-07-08,ONLINE,118.53,0.0
2687.0,241.0,2025-09-08,TRAVEL,36.52,0.0
2688.0,35.0,2025-07-20,TRAVEL,77.05,0.0
2689.0,85.0,2025-01-19,FUEL,132.44,0.0
2690.0,265.0,2025-01-17,TRAVEL,208.21,0.0
2691.0,259.0,2025-02-20,ONLINE,223.46,0.0
2692.0,288.0,2025-01-31,GROCERY,205.39,0.0
2693.0,157.0,2025-09-23,ELECTRONICS,455.49,0.0
2694.0,114.0,2025-03-12,GROCERY,119.86,0.0
2695.0,227.0,2025-03-30,GROCERY,35.53,0.0
2696.0,440.0,2025-04-25,RESTAURANT,61.89,0.0
2697.0,486.0,2025-03-05,ELECTRONICS,219.39,0.0
2698.0,27.0,2025-11-13,ONLINE,55.41,0.0
2699.0,178.0,2025-02-02,RESTAURANT,2.94,0.0
2700.0,261.0,2025-03-11,TRAVEL,79.31,0.0
2701.0,108.0,2025-03-24,TRAVEL,175.95,0.0
2702.0,177.0,2025-01-31,ONLINE,60.9,0.0
2703.0,65.0,2025-04-02,ONLINE,226.77,0.0
2704.0,232.0,2025-03-09,ONLINE,323.99,0.0
2705.0,442.0,2025-05-05,RESTAURANT,117.79,0.0
2706.0,465.0,2025-02-25,TRAVEL,362.13,0.0
2707.0,8.0,2025-12-09,TRAVEL,271.13,0.0
2708.0,319.0,2025-10-15,TRAVEL,179.82,0.0
2709.0,454.0,2025-08-24,TRAVEL,129.49,1.0
2710.0,385.0,2025-08-05,RESTAURANT,121.27,0.0
2711.0,31.0,2025-09-11,TRAVEL,92.89,0.0
2712.0,195.0,2025-12-10,FUEL,148.69,0.0
2713.0,377.0,2025-02-18,ONLINE,13.25,0.0
2714.0,490.0,2025-07-13,TRAVEL,279.29,1.0
2715.0,147.0,2025-03-12,GROCERY,366.33,0.0
2716.0,142.0,2025-06-15,GROCERY,12.07,0.0
2717.0,125.0,2025-11-25,GROCERY,172.28,0.0
2718.0,448.0,2025-08-19,TRAVEL,264.36,0.0
2719.0,90.0,2025-08-20,TRAVEL,109.46,0.0
2720.0,184.0,2025-02-05,GROCERY,89.33,0.0
2721.0,68.0,2025-10-23,FUEL,74.45,0.0
2722.0,470.0,2025-09-18,ONLINE,63.42,0.0
2723.0,34.0,2025-05-11,ELECTRONICS,125.32,0.0
2724.0,254.0,2025-05-02,ELECTRONICS,225.52,0.0
2725.0,78.0,2025-07-30,GROCERY,15.08,0.0
2726.0,204.0,2025-10-04,FUEL,43.27,0.0
2727.0,295.0,2025-07-03,ELECTRONICS,59.69,0.0
2728.0,350.0,2025-11-09,FUEL,24.24,0.0
2729.0,285.0,2025-03-16,FUEL,159.2,0.0
2730.0,214.0,2025-09-09,GROCERY,144.39,0.0
2731.0,141.0,2025-10-29,ELECTRONICS,187.5,0.0
2732.0,402.0,2025-09-16,FUEL,9.46,0.0
2733.0,340.0,2025-05-02,ONLINE,172.0,0.0
2734.0,336.0,2025-06-19,ELECTRONICS,224.62,0.0
2735.0,385.0,2025-06-20,RESTAURANT,161.47,0.0
2736.0,111.0,2025-04-23,ONLINE,102.87,0.0
2737.0,491.0,2025-02-18,FUEL,92.04,0.0
2738.0,460.0,2025-03-10,FUEL,134.56,0.0
2739.0,220.0,2025-08-22,ONLINE,123.23,0.0
2740.0,102.0,2025-03-24,FUEL,61.27,0.0
2741.0,188.0,2025-10-16,ELECTRONICS,10.58,0.0
2742.0,195.0,2025-10-17,ONLINE,68.87,0.0
2743.0,487.0,2025-05-30,ELECTRONICS,338.43,0.0
2744.0,145.0,2025-05-14,RESTAURANT,12.77,0.0
2745.0,472.0,2025-12-24,ONLINE,121.72,0.0
2746.0,116.0,2025-01-05,ONLINE,285.99,0.0
2747.0,464.0,2025-04-05,ONLINE,190.73,0.0
2748.0,466.0,2025-09-10,TRAVEL,211.58,1.0
2749.0,305.0,2025-11-15,RESTAURANT,195.32,0.0
2750.0,54.0,2025-06-17,GROCERY,24.55,0.0
2751.0,309.0,2025-09-21,FUEL,252.01,0.0
2752.0,456.0,2025-03-21,FUEL,276.47,0.0
2753.0,464.0,2025-12-05,FUEL,32.99,0.0
2754.0,229.0,2025-08-01,ELECTRONICS,73.94,0.0
2755.0,240.0,2025-09-28,ONLINE,110.72,0.0
2756.0,193.0,2025-03-06,RESTAURANT,74.69,0.0
2757.0,107.0,2025-06-30,GROCERY,56.69,0.0
2758.0,327.0,2025-09-23,GROCERY,57.87,0.0
2759.0,493.0,2025-05-31,ELECTRONICS,171.59,0.0
2760.0,134.0,2025-12-17,FUEL,207.2,0.0
2761.0,422.0,2025-10-30,RESTAURANT,58.08,0.0
2762.0,48.0,2025-02-17,ELECTRONICS,206.26,0.0
2763.0,29.0,2025-11-03,TRAVEL,74.42,0.0
2764.0,451.0,2025-05-20,FUEL,35.2,0.0
2765.0,57.0,2025-08-03,TRAVEL,132.14,0.0
2766.0,207.0,2025-05-30,FUEL,106.89,0.0
2767.0,442.0,2025-09-14,GROCERY,135.82,0.0
2768.0,175.0,2025-06-06,FUEL,134.19,0.0
2769.0,151.0,2025-06-18,RESTAURANT,124.09,0.0
2770.0,21.0,2025-08-01,ONLINE,97.64,0.0
2771.0,349.0,2025-03-21,GROCERY,203.07,0.0
2772.0,161.0,2025-06-05,RESTAURANT,162.5,0.0
2773.0,59.0,2025-01-19,GROCERY,76.56,0.0
2774.0,238.0,2025-01-22,ONLINE,75.03,0.0
2775.0,86.0,2025-08-27,GROCERY,22.32,0.0
2776.0,425.0,2025-04-12,ELECTRONICS,26.19,0.0
2777.0,374.0,2025-09-02,TRAVEL,92.33,0.0
2778.0,490.0,2025-10-05,ONLINE,185.49,0.0
2779.0,490.0,2025-08-31,ELECTRONICS,50.03,0.0
2780.0,419.0,2025-06-03,RESTAURANT,167.74,0.0
2781.0,252.0,2025-07-25,ONLINE,120.84,0.0
2782.0,86.0,2025-10-13,ELECTRONICS,52.86,0.0
2783.0,22.0,2025-05-05,GROCERY,109.94,0.0
2784.0,46.0,2025-06-02,ONLINE,106.73,0.0
2785.0,118.0,2025-03-30,ONLINE,54.9,0.0
2786.0,442.0,2025-03-15,FUEL,159.98,0.0
2787.0,107.0,2025-01-24,ONLINE,198.05,0.0
2788.0,47.0,2025-01-26,RESTAURANT,82.15,0.0
2789.0,468.0,2025-02-24,ONLINE,38.47,0.0
2790.0,218.0,2025-10-08,TRAVEL,204.68,0.0
2791.0,210.0,2025-08-18,RESTAURANT,24.52,0.0
2792.0,151.0,2025-02-02,ELECTRONICS,128.7,0.0
2793.0,474.0,2025-10-08,ONLINE,49.97,0.0
2794.0,175.0,2025-10-01,FUEL,35.47,0.0
2795.0,430.0,2025-11-28,GROCERY,67.54,0.0
2796.0,497.0,2025-12-20,RESTAURANT,106.62,0.0
2797.0,226.0,2025-01-31,TRAVEL,42.88,0.0
2798.0,351.0,2025-07-11,ELECTRONICS,30.05,0.0
2799.0,13.0,2025-10-25,ELECTRONICS,17.29,0.0
2800.0,391.0,2025-03-29,RESTAURANT,286.14,0.0
2801.0,487.0,2025-08-07,RESTAURANT,136.31,0.0
2802.0,98.0,2025-02-03,FUEL,53.2,0.0
2803.0,6.0,2025-04-20,GROCERY,141.23,0.0
2804.0,22.0,2025-12-24,ONLINE,105.83,0.0
2805.0,429.0,2025-09-22,TRAVEL,171.92,0.0
2806.0,122.0,2025-04-06,ONLINE,87.4,0.0
2807.0,207.0,2025-12-28,FUEL,193.58,0.0
2808.0,169.0,2025-03-15,FUEL,60.01,0.0
2809.0,151.0,2025-05-19,GROCERY,120.1,0.0
2810.0,83.0,2025-06-12,TRAVEL,185.28,0.0
2811.0,205.0,2025-08-18,RESTAURANT,124.52,0.0
2812.0,463.0,2025-04-06,FUEL,345.79,0.0
2813.0,179.0,2025-04-06,TRAVEL,169.63,0.0
2814.0,401.0,2025-09-02,RESTAURANT,139.52,0.0
2815.0,345.0,2025-03-16,TRAVEL,77.75,0.0
2816.0,399.0,2025-02-21,RESTAURANT,122.01,0.0
2817.0,287.0,2025-02-24,RESTAURANT,232.54,0.0
2818.0,186.0,2025-04-30,TRAVEL,69.98,0.0
2819.0,129.0,2025-01-12,GROCERY,48.43,0.0
2820.0,141.0,2025-01-13,GROCERY,70.3,0.0
2821.0,264.0,2025-09-22,RESTAURANT,67.26,0.0
2822.0,203.0,2025-07-17,GROCERY,153.48,0.0
2823.0,203.0,2025-02-23,GROCERY,319.23,0.0
2824.0,185.0,2025-04-04,ELECTRONICS,25.75,0.0
2825.0,461.0,2025-09-04,ELECTRONICS,108.09,0.0
2826.0,322.0,2025-10-20,ONLINE,43.06,0.0
2827.0,447.0,2025-11-14,ONLINE,132.69,0.0
2828.0,465.0,2025-03-21,GROCERY,144.15,0.0
2829.0,309.0,2025-11-06,GROCERY,67.51,0.0
2830.0,46.0,2025-06-05,GROCERY,156.49,0.0
2831.0,483.0,2025-04-20,TRAVEL,58.5,0.0
2832.0,240.0,2025-07-30,GROCERY,58.42,0.0
2833.0,188.0,2025-02-15,FUEL,51.02,0.0
2834.0,207.0,2025-06-19,FUEL,70.93,0.0
2835.0,44.0,2025-06-11,FUEL,100.23,0.0
2836.0,333.0,2025-08-06,TRAVEL,91.94,0.0
2837.0,24.0,2025-03-08,RESTAURANT,115.56,0.0
2838.0,361.0,2025-01-23,RESTAURANT,150.88,0.0
2839.0,417.0,2025-05-17,GROCERY,116.69,0.0
2840.0,212.0,2025-12-25,RESTAURANT,282.43,0.0
2841.0,192.0,2025-07-27,ONLINE,105.78,0.0
2842.0,337.0,2025-07-19,TRAVEL,175.92,0.0
2843.0,431.0,2025-08-24,TRAVEL,22.27,0.0
2844.0,48.0,2025-07-05,RESTAURANT,115.58,0.0
2845.0,230.0,2025-03-21,GROCERY,91.12,0.0
2846.0,162.0,2025-12-26,ONLINE,84.82,0.0
2847.0,6.0,2025-03-24,RESTAURANT,229.36,0.0
2848.0,5.0,2025-08-22,FUEL,354.75,0.0
2849.0,265.0,2025-11-13,FUEL,152.01,0.0
2850.0,382.0,2025-08-29,RESTAURANT,17.03,0.0
2851.0,298.0,2025-12-11,RESTAURANT,64.64,0.0
2852.0,125.0,2025-03-06,ONLINE,26.53,0.0
2853.0,226.0,2025-08-23,GROCERY,113.32,0.0
2854.0,483.0,2025-02-03,TRAVEL,138.36,0.0
2855.0,420.0,2025-07-23,GROCERY,20.27,0.0
2856.0,60.0,2025-03-08,TRAVEL,257.15,0.0
2857.0,323.0,2025-08-29,ONLINE,34.96,0.0
2858.0,313.0,2025-04-30,TRAVEL,133.73,0.0
2859.0,183.0,2025-02-16,ONLINE,253.4,0.0
2860.0,183.0,2025-11-13,FUEL,114.97,0.0
2861.0,360.0,2025-11-24,FUEL,55.39,0.0
2862.0,468.0,2025-03-04,ONLINE,52.6,0.0
2863.0,160.0,2025-03-18,ONLINE,117.29,0.0
2864.0,464.0,2025-01-14,RESTAURANT,176.17,0.0
2865.0,420.0,2025-09-02,RESTAURANT,130.34,0.0
2866.0,27.0,2025-11-23,FUEL,51.58,0.0
2867.0,141.0,2025-03-23,RESTAURANT,89.41,0.0
2868.0,221.0,2025-06-14,RESTAURANT,45.51,0.0
2869.0,334.0,2025-09-15,ELECTRONICS,45.05,0.0
2870.0,114.0,2025-06-11,ELECTRONICS,42.91,0.0
2871.0,208.0,2025-10-03,ELECTRONICS,74.47,0.0
2872.0,47.0,2025-10-03,FUEL,96.89,0.0
2873.0,51.0,2025-09-28,RESTAURANT,105.76,0.0
2874.0,218.0,2025-09-18,ELECTRONICS,125.32,0.0
2875.0,315.0,2025-06-06,ONLINE,54.21,0.0
2876.0,227.0,2025-05-24,ELECTRONICS,98.47,0.0
2877.0,192.0,2025-08-10,GROCERY,107.94,0.0
2878.0,249.0,2025-02-09,GROCERY,215.71,0.0
2879.0,318.0,2025-08-07,GROCERY,21.01,0.0
2880.0,358.0,2025-01-12,ELECTRONICS,27.75,0.0
2881.0,270.0,2025-09-20,TRAVEL,146.58,0.0
2882.0,46.0,2025-08-09,GROCERY,-157.63,0.0
2883.0,21.0,2025-07-02,FUEL,147.01,0.0
2884.0,172.0,2025-04-21,FUEL,145.92,0.0
2885.0,103.0,2025-07-05,ELECTRONICS,23.3,0.0
2886.0,269.0,2025-08-20,ONLINE,319.61,0.0
2887.0,351.0,2025-09-07,FUEL,199.32,0.0
2888.0,127.0,2025-12-03,ONLINE,23.68,0.0
2889.0,234.0,2025-03-04,FUEL,80.42,0.0
2890.0,110.0,2025-01-17,ONLINE,76.88,0.0
2891.0,234.0,2025-08-27,GROCERY,91.56,0.0
2892.0,190.0,2025-03-01,TRAVEL,69.26,0.0
2893.0,2.0,2025-02-24,ELECTRONICS,37.52,0.0
2894.0,333.0,2025-04-11,GROCERY,109.39,0.0
2895.0,152.0,2025-09-22,GROCERY,225.26,0.0
2896.0,374.0,2025-01-23,FUEL,67.57,0.0
2897.0,335.0,2025-05-22,ELECTRONICS,124.59,0.0
2898.0,98.0,2025-02-08,RESTAURANT,93.61,0.0
2899.0,444.0,2025-11-03,GROCERY,145.87,0.0
2900.0,12.0,2025-10-06,ONLINE,87.36,0.0
2901.0,288.0,2025-02-02,GROCERY,59.65,0.0
2902.0,402.0,2025-04-10,RESTAURANT,70.65,0.0
2903.0,271.0,2025-06-18,ONLINE,219.4,0.0
2904.0,279.0,2025-06-16,ELECTRONICS,102.76,0.0
2905.0,236.0,2025-03-03,GROCERY,100.25,0.0
2906.0,31.0,2025-06-20,ONLINE,214.77,0.0
2907.0,340.0,2025-11-14,GROCERY,241.95,0.0
2908.0,477.0,2025-03-22,RESTAURANT,9.21,0.0
2909.0,400.0,2025-02-15,FUEL,28.45,0.0
2910.0,30.0,2025-05-21,GROCERY,173.61,0.0
2911.0,111.0,2025-06-27,FUEL,106.35,0.0
2912.0,417.0,2025-04-14,ELECTRONICS,242.57,0.0
2913.0,357.0,2025-02-08,TRAVEL,21.14,0.0
2914.0,184.0,2025-02-01,FUEL,117.97,0.0
2915.0,122.0,2025-10-19,ONLINE,151.23,0.0
2916.0,232.0,2025-02-18,ELECTRONICS,77.86,0.0
2917.0,16.0,2025-04-13,ONLINE,166.76,0.0
2918.0,45.0,2025-10-06,FUEL,175.95,0.0
2919.0,38.0,2025-08-05,GROCERY,94.47,0.0
2920.0,413.0,2025-01-10,TRAVEL,89.6,0.0
2921.0,24.0,2025-03-04,RESTAURANT,187.89,0.0
2922.0,277.0,2025-06-21,ELECTRONICS,116.33,0.0
2923.0,141.0,2025-05-09,ONLINE,143.98,0.0
2924.0,379.0,2025-12-27,TRAVEL,115.89,0.0
2925.0,64.0,2025-02-11,ELECTRONICS,111.65,0.0
2926.0,456.0,2025-01-10,ONLINE,89.43,0.0
2927.0,43.0,2025-07-21,RESTAURANT,150.78,0.0
2928.0,424.0,2025-12-17,RESTAURANT,50.23,0.0
2929.0,74.0,2025-01-02,FUEL,22.26,0.0
2930.0,15.0,2025-10-30,ELECTRONICS,100.1,0.0
2931.0,20.0,2025-12-29,ONLINE,245.04,0.0
2932.0,391.0,2025-06-01,ELECTRONICS,116.46,0.0
2933.0,172.0,2025-06-01,FUEL,83.19,0.0
2934.0,209.0,2025-12-29,GROCERY,75.01,0.0
2935.0,412.0,2025-08-18,FUEL,71.1,0.0
2936.0,131.0,2025-07-19,ONLINE,4.18,0.0
2937.0,277.0,2025-04-15,ONLINE,222.64,0.0
2938.0,150.0,2025-12-07,ONLINE,65.36,0.0
2939.0,33.0,2025-04-03,GROCERY,101.52,0.0
2940.0,497.0,2025-05-24,ELECTRONICS,79.36,0.0
2941.0,188.0,2025-11-05,ELECTRONICS,56.58,0.0
2942.0,424.0,2025-07-06,ELECTRONICS,230.34,0.0
2943.0,215.0,2025-10-04,ONLINE,39.12,0.0
2944.0,434.0,2025-12-30,TRAVEL,154.45,0.0
2945.0,87.0,2025-08-23,ONLINE,25.89,0.0
2946.0,271.0,2025-03-01,TRAVEL,90.03,0.0
2947.0,187.0,2025-10-02,ONLINE,209.02,0.0
2948.0,497.0,2025-08-07,FUEL,68.72,0.0
2949.0,169.0,2025-03-05,TRAVEL,144.95,0.0
2950.0,386.0,2025-02-10,RESTAURANT,66.19,0.0
2951.0,247.0,2025-12-07,RESTAURANT,77.67,0.0
2952.0,201.0,2025-02-08,ELECTRONICS,169.07,0.0
2953.0,349.0,2025-06-15,ONLINE,147.26,0.0
2954.0,323.0,2025-12-26,RESTAURANT,246.82,0.0
2955.0,240.0,2025-11-14,RESTAURANT,68.49,0.0
2956.0,28.0,2025-11-03,TRAVEL,128.34,0.0
2957.0,37.0,2025-09-26,GROCERY,105.89,0.0
2958.0,300.0,2025-06-24,FUEL,130.93,0.0
2959.0,28.0,2025-04-15,FUEL,198.19,0.0
2960.0,303.0,2025-11-24,TRAVEL,58.95,0.0
2961.0,444.0,2025-07-27,RESTAURANT,124.68,0.0
2962.0,395.0,2025-05-25,FUEL,228.55,0.0
2963.0,348.0,2025-12-19,FUEL,105.98,0.0
2964.0,137.0,2025-05-16,GROCERY,168.19,0.0
2965.0,329.0,2025-01-14,GROCERY,15.12,0.0
2966.0,92.0,2025-08-08,GROCERY,109.56,0.0
2967.0,457.0,2025-06-05,ONLINE,71.74,0.0
2968.0,46.0,2025-08-16,ELECTRONICS,145.66,0.0
2969.0,271.0,2025-08-15,GROCERY,125.26,0.0
2970.0,244.0,2025-08-18,FUEL,50.73,0.0
2971.0,37.0,2025-05-05,FUEL,28.95,0.0
2972.0,94.0,2025-04-03,ELECTRONICS,327.07,0.0
2973.0,358.0,2025-04-27,ONLINE,132.48,0.0
2974.0,298.0,2025-12-19,ELECTRONICS,130.22,0.0
2975.0,82.0,2025-10-01,RESTAURANT,57.59,0.0
2976.0,71.0,2025-05-24,TRAVEL,79.58,0.0
2977.0,334.0,2025-12-01,ELECTRONICS,230.2,0.0
2978.0,331.0,2025-10-07,ONLINE,107.59,0.0
2979.0,201.0,2025-07-16,TRAVEL,235.5,0.0
2980.0,11.0,2025-10-20,ONLINE,132.82,0.0
2981.0,15.0,2025-12-13,RESTAURANT,202.02,0.0
2982.0,76.0,2025-07-27,FUEL,13.83,0.0
2983.0,28.0,2025-02-06,FUEL,54.95,0.0
2984.0,279.0,2025-06-07,GROCERY,106.13,0.0
2985.0,197.0,2025-03-25,ONLINE,84.84,0.0
2986.0,109.0,2025-09-13,ELECTRONICS,146.31,0.0
2987.0,298.0,2025-02-02,ONLINE,29.0,0.0
2988.0,353.0,2025-06-20,FUEL,29.58,0.0
2989.0,86.0,2025-06-08,ELECTRONICS,142.48,0.0
2990.0,313.0,2025-05-21,RESTAURANT,196.18,0.0
2991.0,54.0,2025-08-17,FUEL,79.22,0.0
2992.0,300.0,2025-07-19,GROCERY,251.67,0.0
2993.0,189.0,2025-03-15,GROCERY,290.99,0.0
2994.0,55.0,2025-10-20,FUEL,98.33,0.0
2995.0,403.0,2025-06-13,TRAVEL,77.04,0.0
2996.0,92.0,2025-02-27,FUEL,63.65,0.0
2997.0,393.0,2025-09-07,ELECTRONICS,54.61,0.0
2998.0,183.0,2025-05-24,ELECTRONICS,162.37,0.0
2999.0,343.0,2025-08-22,GROCERY,48.93,0.0
3000.0,354.0,2025-10-03,TRAVEL,41.59,0.0
3001.0,213.0,2025-08-18,ONLINE,52.53,0.0
3002.0,334.0,2025-12-10,GROCERY,99.06,0.0
3003.0,221.0,2025-08-10,ELECTRONICS,104.36,0.0
3004.0,304.0,2025-05-20,ELECTRONICS,156.32,0.0
3005.0,113.0,2025-12-27,FUEL,92.28,0.0
3006.0,213.0,2025-07-07,TRAVEL,27.14,0.0
3007.0,69.0,2025-09-18,GROCERY,74.33,0.0
3008.0,208.0,2025-05-01,FUEL,100.94,0.0
3009.0,8.0,2025-11-28,FUEL,60.5,0.0
3010.0,205.0,2025-12-10,ELECTRONICS,124.95,0.0
3011.0,431.0,2025-12-14,RESTAURANT,7.77,0.0
3012.0,181.0,2025-05-22,TRAVEL,91.63,0.0
3013.0,249.0,2025-11-10,ELECTRONICS,222.81,0.0
3014.0,429.0,2025-09-03,GROCERY,192.43,0.0
3015.0,2.0,2025-02-04,ONLINE,110.21,0.0
3016.0,336.0,2025-12-01,RESTAURANT,103.63,1.0
3017.0,265.0,2025-07-13,ONLINE,137.8,0.0
3018.0,172.0,2025-07-14,RESTAURANT,42.03,1.0
3019.0,130.0,2025-05-20,GROCERY,182.03,0.0
3020.0,297.0,2025-11-08,ONLINE,246.72,0.0
3021.0,214.0,2025-02-05,TRAVEL,91.26,0.0
3022.0,198.0,2025-05-21,GROCERY,110.13,0.0
3023.0,337.0,2025-07-25,RESTAURANT,157.79,0.0
3024.0,200.0,2025-03-13,TRAVEL,55.93,0.0
3025.0,405.0,2025-03-19,FUEL,251.96,0.0
3026.0,143.0,2025-08-13,RESTAURANT,322.21,0.0
3027.0,351.0,2025-08-01,ONLINE,145.86,0.0
3028.0,282.0,2025-10-26,RESTAURANT,265.24,0.0
3029.0,449.0,2025-10-26,ELECTRONICS,37.31,0.0
3030.0,201.0,2025-01-07,GROCERY,121.99,0.0
3031.0,118.0,2025-05-24,GROCERY,15.94,0.0
3032.0,200.0,2025-11-06,ELECTRONICS,74.34,0.0
3033.0,331.0,2025-12-13,TRAVEL,75.67,0.0
3034.0,215.0,2025-02-04,FUEL,61.41,0.0
3035.0,445.0,2025-10-07,ONLINE,37.91,0.0
3036.0,78.0,2025-03-26,FUEL,144.75,0.0
3037.0,155.0,2025-10-21,ONLINE,52.33,0.0
3038.0,492.0,2025-06-12,TRAVEL,144.86,0.0
3039.0,400.0,2025-02-10,ONLINE,96.2,0.0
3040.0,39.0,2025-03-16,TRAVEL,127.15,0.0
3041.0,471.0,2025-12-10,RESTAURANT,66.32,0.0
3042.0,213.0,2025-10-08,ONLINE,95.5,0.0
3043.0,322.0,2025-01-13,GROCERY,359.61,0.0
3044.0,9.0,2025-12-13,GROCERY,124.16,0.0
3045.0,83.0,2025-11-05,FUEL,252.44,0.0
3046.0,350.0,2025-07-19,GROCERY,243.8,0.0
3047.0,131.0,2025-01-11,ELECTRONICS,31.82,0.0
3048.0,59.0,2025-06-08,ONLINE,243.33,0.0
3049.0,340.0,2025-03-01,FUEL,95.45,0.0
3050.0,109.0,2025-05-14,RESTAURANT,75.59,0.0
3051.0,434.0,2025-04-26,FUEL,43.22,0.0
3052.0,90.0,2025-09-18,TRAVEL,32.05,0.0
3053.0,12.0,2025-09-27,ONLINE,141.97,0.0
3054.0,196.0,2025-03-05,TRAVEL,30.93,0.0
3055.0,164.0,2025-11-25,FUEL,146.18,0.0
3056.0,320.0,2025-09-02,RESTAURANT,10.05,0.0
3057.0,117.0,2025-09-01,FUEL,46.5,0.0
3058.0,491.0,2025-10-11,ELECTRONICS,85.18,0.0
3059.0,212.0,2025-09-23,GROCERY,104.1,0.0
3060.0,355.0,2025-10-15,GROCERY,48.72,0.0
3061.0,385.0,2025-04-16,RESTAURANT,34.97,0.0
3062.0,443.0,2025-09-08,ONLINE,78.03,0.0
3063.0,252.0,2025-12-23,ELECTRONICS,62.65,0.0
3064.0,114.0,2025-10-03,RESTAURANT,69.27,0.0
3065.0,260.0,2025-05-29,ELECTRONICS,151.38,0.0
3066.0,213.0,2025-08-19,FUEL,218.23,0.0
3067.0,305.0,2025-11-30,FUEL,74.61,0.0
3068.0,119.0,2025-08-28,ELECTRONICS,151.49,0.0
3069.0,258.0,2025-10-12,TRAVEL,64.24,0.0
3070.0,479.0,2025-11-21,FUEL,60.23,0.0
3071.0,345.0,2025-05-15,FUEL,77.66,0.0
3072.0,479.0,2025-05-03,ELECTRONICS,196.99,1.0
3073.0,54.0,2025-05-06,TRAVEL,24.52,0.0
3074.0,327.0,2025-05-15,FUEL,21.16,0.0
3075.0,12.0,2025-09-06,TRAVEL,284.37,0.0
3076.0,102.0,2025-06-27,ELECTRONICS,47.43,0.0
3077.0,414.0,2025-12-10,ONLINE,86.14,0.0
3078.0,51.0,2025-09-08,ELECTRONICS,68.81,0.0
3079.0,240.0,2025-09-03,ONLINE,248.15,0.0
3080.0,35.0,2025-12-13,GROCERY,195.65,0.0
3081.0,150.0,2025-11-09,RESTAURANT,34.62,0.0
3082.0,62.0,2025-01-12,ONLINE,104.78,0.0
3083.0,228.0,2025-12-19,ONLINE,125.44,0.0
3084.0,322.0,2025-11-18,ONLINE,148.47,0.0
3085.0,326.0,2025-05-01,FUEL,13.91,0.0
3086.0,467.0,2025-03-27,ONLINE,21.1,0.0
3087.0,61.0,2025-07-16,TRAVEL,155.97,0.0
3088.0,201.0,2025-12-31,GROCERY,30.08,0.0
3089.0,262.0,2025-08-11,TRAVEL,123.93,0.0
3090.0,44.0,2025-07-31,GROCERY,36.42,0.0
3091.0,56.0,2025-03-21,FUEL,22.56,0.0
3092.0,156.0,2025-11-24,ELECTRONICS,45.97,0.0
3093.0,430.0,2025-10-19,ELECTRONICS,93.38,0.0
3094.0,294.0,2025-01-21,ONLINE,119.95,0.0
3095.0,282.0,2025-04-06,ELECTRONICS,130.52,0.0
3096.0,276.0,2025-11-18,ONLINE,168.98,0.0
3097.0,406.0,2025-09-16,GROCERY,48.33,0.0
3098.0,273.0,2025-05-28,ONLINE,162.46,0.0
3099.0,361.0,2025-07-11,ONLINE,100.21,0.0
3100.0,155.0,2025-02-16,ONLINE,112.11,0.0
3101.0,408.0,2025-11-02,FUEL,381.34,0.0
3102.0,17.0,2025-08-19,ELECTRONICS,144.06,0.0
3103.0,171.0,2025-07-06,TRAVEL,80.71,0.0
3104.0,126.0,2025-08-12,GROCERY,70.65,0.0
3105.0,70.0,2025-08-03,ONLINE,94.08,0.0
3106.0,269.0,2025-06-08,GROCERY,25.83,0.0
3107.0,446.0,2025-03-08,RESTAURANT,123.82,0.0
3108.0,82.0,2025-06-25,ELECTRONICS,93.21,0.0
3109.0,443.0,2025-10-22,ONLINE,111.11,0.0
3110.0,429.0,2025-01-20,ELECTRONICS,99.86,0.0
3111.0,442.0,2025-05-27,GROCERY,28.6,0.0
3112.0,4.0,2025-10-27,FUEL,147.5,0.0
3113.0,495.0,2025-07-31,TRAVEL,59.01,0.0
3114.0,214.0,2025-01-10,GROCERY,182.5,0.0
3115.0,299.0,2025-11-05,TRAVEL,156.23,0.0
3116.0,153.0,2025-01-20,ELECTRONICS,274.05,0.0
3117.0,257.0,2025-06-24,RESTAURANT,93.85,0.0
3118.0,276.0,2025-02-11,ELECTRONICS,169.08,0.0
3119.0,399.0,2025-04-11,GROCERY,294.4,0.0
3120.0,171.0,2025-05-24,ONLINE,54.77,0.0
3121.0,56.0,2025-04-07,RESTAURANT,197.6,0.0
3122.0,294.0,2025-11-16,TRAVEL,142.23,0.0
3123.0,392.0,2025-07-26,ONLINE,40.7,0.0
3124.0,8.0,2025-05-12,ONLINE,85.47,0.0
3125.0,407.0,2025-04-17,GROCERY,420.24,0.0
3126.0,402.0,2025-07-01,ONLINE,190.33,0.0
3127.0,289.0,2025-05-04,TRAVEL,132.84,0.0
3128.0,475.0,2025-10-22,FUEL,56.08,0.0
3129.0,194.0,2025-03-27,TRAVEL,10.48,0.0
3130.0,67.0,2025-09-09,TRAVEL,30.47,0.0
3131.0,329.0,2025-06-12,ELECTRONICS,96.7,0.0
3132.0,305.0,2025-04-07,TRAVEL,96.75,0.0
3133.0,458.0,2025-06-20,GROCERY,225.98,0.0
3134.0,113.0,2025-02-13,ONLINE,45.28,0.0
3135.0,79.0,2025-07-11,ONLINE,41.91,0.0
3136.0,340.0,2025-09-19,ONLINE,143.78,0.0
3137.0,156.0,2025-08-05,RESTAURANT,71.79,0.0
3138.0,93.0,2025-01-06,GROCERY,71.13,0.0
3139.0,336.0,2025-08-03,TRAVEL,211.06,0.0
3140.0,93.0,2025-01-10,GROCERY,39.65,0.0
3141.0,417.0,2025-05-15,ELECTRONICS,190.21,0.0
3142.0,156.0,2025-08-20,TRAVEL,131.67,0.0
3143.0,327.0,2025-11-25,ONLINE,65.98,0.0
3144.0,289.0,2025-12-23,TRAVEL,94.47,0.0
3145.0,296.0,2025-07-06,ONLINE,49.55,0.0
3146.0,153.0,2025-03-19,GROCERY,82.92,0.0
3147.0,43.0,2025-10-31,GROCERY,283.85,0.0
3148.0,320.0,2025-05-10,TRAVEL,54.36,0.0
3149.0,217.0,2025-07-23,TRAVEL,18.42,0.0
3150.0,489.0,2025-03-14,TRAVEL,96.64,0.0
3151.0,446.0,2025-05-16,TRAVEL,251.65,0.0
3152.0,38.0,2025-06-25,FUEL,113.56,0.0
3153.0,181.0,2025-09-27,RESTAURANT,78.96,0.0
3154.0,208.0,2025-11-25,GROCERY,76.24,0.0
3155.0,191.0,2025-03-06,ELECTRONICS,193.99,0.0
3156.0,362.0,2025-07-24,ONLINE,124.07,0.0
3157.0,179.0,2025-12-20,RESTAURANT,143.52,0.0
3158.0,77.0,2025-01-07,ONLINE,106.73,0.0
3159.0,182.0,2025-07-28,TRAVEL,172.49,0.0
3160.0,394.0,2025-10-08,RESTAURANT,283.86,0.0
3161.0,203.0,2025-02-08,GROCERY,95.41,0.0
3162.0,143.0,2025-09-01,FUEL,122.46,0.0
3163.0,387.0,2025-06-03,RESTAURANT,275.81,0.0
3164.0,33.0,2025-08-08,FUEL,106.52,0.0
3165.0,228.0,2025-09-18,GROCERY,192.17,0.0
3166.0,52.0,2025-02-22,GROCERY,46.64,0.0
3167.0,304.0,2025-01-25,RESTAURANT,52.76,0.0
3168.0,450.0,2025-04-26,GROCERY,328.33,0.0
3169.0,222.0,2025-04-06,ELECTRONICS,162.5,0.0
3170.0,491.0,2025-04-16,GROCERY,86.27,0.0
3171.0,437.0,2025-12-04,ONLINE,62.98,0.0
3172.0,364.0,2025-09-08,RESTAURANT,76.41,0.0
3173.0,90.0,2025-05-11,TRAVEL,31.69,0.0
3174.0,17.0,2025-08-10,GROCERY,153.15,0.0
3175.0,62.0,2025-02-28,TRAVEL,142.52,0.0
3176.0,175.0,2025-03-08,GROCERY,140.18,0.0
3177.0,204.0,2025-02-05,ONLINE,235.93,0.0
3178.0,106.0,2025-06-05,TRAVEL,102.09,0.0
3179.0,488.0,2025-08-14,GROCERY,131.86,0.0
3180.0,372.0,2025-07-05,GROCERY,19.39,0.0
3181.0,350.0,2025-07-23,ELECTRONICS,163.61,0.0
3182.0,326.0,2025-03-01,TRAVEL,145.0,0.0
3183.0,309.0,2025-08-25,ONLINE,35.62,0.0
3184.0,441.0,2025-07-21,RESTAURANT,86.56,0.0
3185.0,196.0,2025-12-16,RESTAURANT,214.38,0.0
3186.0,71.0,2025-04-01,ELECTRONICS,128.91,0.0
3187.0,148.0,2025-01-22,FUEL,59.0,0.0
3188.0,115.0,2025-06-16,ONLINE,145.28,0.0
3189.0,479.0,2025-03-14,TRAVEL,308.19,0.0
3190.0,284.0,2025-03-05,ELECTRONICS,26.38,0.0
3191.0,214.0,2025-03-27,GROCERY,159.59,0.0
3192.0,13.0,2025-09-06,ONLINE,125.28,0.0
3193.0,356.0,2025-06-05,ONLINE,32.55,1.0
3194.0,324.0,2025-11-16,ELECTRONICS,129.54,0.0
3195.0,406.0,2025-02-14,GROCERY,63.8,0.0
3196.0,66.0,2025-12-07,TRAVEL,79.58,0.0
3197.0,329.0,2025-05-30,GROCERY,145.87,0.0
3198.0,181.0,2025-07-14,TRAVEL,141.83,0.0
3199.0,117.0,2025-10-25,ELECTRONICS,139.78,0.0
3200.0,112.0,2025-06-29,GROCERY,419.04,0.0
3201.0,144.0,2025-03-01,FUEL,89.45,0.0
3202.0,367.0,2025-03-29,ELECTRONICS,39.44,0.0
3203.0,12.0,2025-12-01,GROCERY,160.87,0.0
3204.0,474.0,2025-01-26,RESTAURANT,124.7,0.0
3205.0,485.0,2025-11-29,ELECTRONICS,66.44,0.0
3206.0,484.0,2025-09-04,FUEL,62.77,0.0
3207.0,418.0,2025-07-07,GROCERY,246.36,0.0
3208.0,162.0,2025-04-26,ELECTRONICS,12.51,0.0
3209.0,203.0,2025-11-10,FUEL,122.64,0.0
3210.0,64.0,2025-01-12,TRAVEL,60.75,0.0
3211.0,447.0,2025-09-17,RESTAURANT,135.28,0.0
3212.0,386.0,2025-03-18,TRAVEL,53.06,0.0
3213.0,77.0,2025-05-11,ONLINE,137.61,0.0
3214.0,496.0,2025-01-24,FUEL,205.95,0.0
3215.0,22.0,2025-07-25,FUEL,67.92,0.0
3216.0,384.0,2025-02-23,ELECTRONICS,76.4,0.0
3217.0,68.0,2025-02-12,GROCERY,133.94,0.0
3218.0,375.0,2025-05-01,ELECTRONICS,170.62,0.0
3219.0,442.0,2025-06-30,ELECTRONICS,368.41,0.0
3220.0,476.0,2025-12-11,RESTAURANT,77.73,0.0
3221.0,81.0,2025-10-30,GROCERY,76.36,0.0
3222.0,83.0,2025-05-27,TRAVEL,42.03,0.0
3223.0,35.0,2025-08-02,ELECTRONICS,8.54,0.0
3224.0,412.0,2025-10-09,GROCERY,207.23,0.0
3225.0,93.0,2025-05-20,GROCERY,92.73,0.0
3226.0,196.0,2025-10-08,GROCERY,40.72,0.0
3227.0,208.0,2025-08-31,TRAVEL,186.03,0.0
3228.0,176.0,2025-09-14,FUEL,160.61,0.0
3229.0,249.0,2025-12-23,GROCERY,75.64,0.0
3230.0,175.0,2025-05-18,ELECTRONICS,126.36,0.0
3231.0,118.0,2025-01-25,RESTAURANT,47.08,0.0
3232.0,194.0,2025-07-15,ONLINE,166.39,0.0
3233.0,403.0,2025-05-01,ONLINE,64.92,0.0
3234.0,59.0,2025-01-22,FUEL,223.64,0.0
3235.0,480.0,2025-02-26,ONLINE,147.33,0.0
3236.0,205.0,2025-07-14,GROCERY,33.5,0.0
3237.0,146.0,2025-12-16,FUEL,207.64,0.0
3238.0,223.0,2025-05-04,GROCERY,196.43,0.0
3239.0,466.0,2025-07-19,ONLINE,178.79,0.0
3240.0,405.0,2025-03-06,ELECTRONICS,185.59,0.0
3241.0,409.0,2025-02-17,ONLINE,102.59,0.0
3242.0,111.0,2025-10-13,RESTAURANT,124.75,0.0
3243.0,444.0,2025-08-12,TRAVEL,88.32,0.0
3244.0,354.0,2025-03-11,FUEL,19.19,0.0
3245.0,30.0,2025-07-02,ONLINE,145.62,0.0
3246.0,214.0,2025-07-31,FUEL,26.06,0.0
3247.0,418.0,2025-01-22,ELECTRONICS,41.92,0.0
3248.0,267.0,2025-04-20,ONLINE,62.09,0.0
3249.0,293.0,2025-11-12,RESTAURANT,107.47,0.0
3250.0,188.0,2025-05-13,ONLINE,321.6,0.0
3251.0,20.0,2025-09-16,RESTAURANT,61.65,1.0
3252.0,443.0,2025-08-09,TRAVEL,339.01,0.0
3253.0,377.0,2025-01-02,RESTAURANT,192.6,0.0
3254.0,136.0,2025-12-12,RESTAURANT,133.06,0.0
3255.0,121.0,2025-12-17,TRAVEL,56.03,0.0
3256.0,260.0,2025-09-01,TRAVEL,108.65,0.0
3257.0,399.0,2025-02-28,ONLINE,115.32,0.0
3258.0,44.0,2025-11-05,GROCERY,164.88,0.0
3259.0,313.0,2025-01-01,GROCERY,58.56,0.0
3260.0,424.0,2025-07-06,FUEL,196.66,0.0
3261.0,247.0,2025-06-05,ELECTRONICS,99.53,0.0
3262.0,27.0,2025-09-12,TRAVEL,145.3,0.0
3263.0,12.0,2025-02-21,GROCERY,93.47,0.0
3264.0,82.0,2025-11-16,RESTAURANT,242.87,0.0
3265.0,445.0,2025-07-28,TRAVEL,44.27,0.0
3266.0,229.0,2025-04-06,ELECTRONICS,127.41,0.0
3267.0,74.0,2025-04-24,GROCERY,32.8,0.0
3268.0,453.0,2025-09-08,ONLINE,153.79,0.0
3269.0,415.0,2025-03-09,RESTAURANT,41.05,0.0
3270.0,74.0,2025-04-19,RESTAURANT,84.44,0.0
3271.0,345.0,2025-12-26,FUEL,76.78,0.0
3272.0,166.0,2025-11-18,TRAVEL,394.4,0.0
3273.0,35.0,2025-05-02,ELECTRONICS,57.47,0.0
3274.0,32.0,2025-07-22,ELECTRONICS,197.72,0.0
3275.0,272.0,2025-06-01,RESTAURANT,8.05,0.0
3276.0,422.0,2025-03-15,RESTAURANT,107.7,0.0
3277.0,481.0,2025-04-18,TRAVEL,250.05,0.0
3278.0,353.0,2025-02-09,FUEL,20.49,0.0
3279.0,462.0,2025-11-02,FUEL,191.84,0.0
3280.0,118.0,2025-03-31,RESTAURANT,94.05,0.0
3281.0,74.0,2025-03-13,FUEL,11.83,0.0
3282.0,56.0,2025-08-21,RESTAURANT,210.86,0.0
3283.0,87.0,2025-02-16,FUEL,159.05,0.0
3284.0,377.0,2025-12-16,FUEL,50.73,0.0
3285.0,77.0,2025-11-18,RESTAURANT,165.9,0.0
3286.0,217.0,2025-05-31,ONLINE,22.29,0.0
3287.0,379.0,2025-03-08,ONLINE,65.29,0.0
3288.0,464.0,2025-02-21,GROCERY,105.66,0.0
3289.0,81.0,2025-11-10,GROCERY,101.57,0.0
3290.0,94.0,2025-06-10,TRAVEL,142.16,0.0
3291.0,33.0,2025-07-31,TRAVEL,388.03,0.0
3292.0,57.0,2025-02-15,TRAVEL,121.22,0.0
3293.0,196.0,2025-10-28,ELECTRONICS,123.63,0.0
3294.0,158.0,2025-07-08,ONLINE,224.18,0.0
3295.0,484.0,2025-01-26,GROCERY,101.07,0.0
3296.0,223.0,2025-01-28,ELECTRONICS,16.94,0.0
3297.0,155.0,2025-12-18,TRAVEL,112.46,0.0
3298.0,235.0,2025-01-21,ELECTRONICS,14.49,0.0
3299.0,363.0,2025-04-20,TRAVEL,210.04,0.0
3300.0,169.0,2025-01-05,GROCERY,104.7,0.0
3301.0,72.0,2025-01-22,GROCERY,138.01,0.0
3302.0,211.0,2025-10-24,RESTAURANT,45.0,0.0
3303.0,311.0,2025-10-07,ELECTRONICS,47.04,0.0
3304.0,159.0,2025-05-01,ONLINE,157.64,0.0
3305.0,291.0,2025-03-07,GROCERY,84.3,0.0
3306.0,163.0,2025-04-01,TRAVEL,57.83,0.0
3307.0,453.0,2025-05-09,RESTAURANT,249.96,0.0
3308.0,444.0,2025-10-11,ONLINE,114.64,0.0
3309.0,359.0,2025-08-06,ELECTRONICS,64.76,0.0
3310.0,419.0,2025-06-12,GROCERY,119.84,0.0
3311.0,61.0,2025-01-26,GROCERY,74.5,0.0
3312.0,327.0,2025-02-12,FUEL,148.28,0.0
3313.0,203.0,2025-03-15,GROCERY,42.62,0.0
3314.0,389.0,2025-03-19,FUEL,212.38,0.0
3315.0,1.0,2025-06-28,RESTAURANT,74.44,0.0
3316.0,94.0,2025-11-11,RESTAURANT,31.7,0.0
3317.0,121.0,2025-06-03,GROCERY,35.61,0.0
3318.0,279.0,2025-05-01,FUEL,89.02,0.0
3319.0,486.0,2025-07-23,TRAVEL,58.17,0.0
3320.0,449.0,2025-01-28,GROCERY,25.97,0.0
3321.0,228.0,2025-09-23,ONLINE,27.49,0.0
3322.0,1.0,2025-01-21,GROCERY,105.5,0.0
3323.0,434.0,2025-05-09,TRAVEL,124.84,0.0
3324.0,287.0,2025-12-14,TRAVEL,111.06,0.0
3325.0,12.0,2025-05-28,ONLINE,245.1,0.0
3326.0,323.0,2025-09-30,FUEL,137.99,0.0
3327.0,441.0,2025-04-10,ELECTRONICS,64.12,0.0
3328.0,436.0,2025-11-08,ELECTRONICS,554.32,0.0
3329.0,445.0,2025-05-04,TRAVEL,48.91,0.0
3330.0,488.0,2025-03-24,TRAVEL,22.87,1.0
3331.0,327.0,2025-01-19,TRAVEL,163.58,0.0
3332.0,307.0,2025-04-22,TRAVEL,322.83,0.0
3333.0,59.0,2025-07-31,GROCERY,187.57,0.0
3334.0,317.0,2025-01-24,ONLINE,85.06,0.0
3335.0,439.0,2025-03-05,GROCERY,53.68,0.0
3336.0,407.0,2025-05-07,GROCERY,155.65,0.0
3337.0,450.0,2025-09-19,RESTAURANT,88.75,0.0
3338.0,86.0,2025-08-06,FUEL,81.34,0.0
3339.0,101.0,2025-01-16,RESTAURANT,258.38,0.0
3340.0,430.0,2025-01-14,RESTAURANT,17.59,0.0
3341.0,471.0,2025-01-22,TRAVEL,133.09,0.0
3342.0,264.0,2025-05-01,FUEL,57.07,0.0
3343.0,441.0,2025-04-14,TRAVEL,102.12,0.0
3344.0,342.0,2025-02-12,ELECTRONICS,47.56,0.0
3345.0,103.0,2025-06-10,GROCERY,88.8,0.0
3346.0,254.0,2025-08-04,FUEL,436.73,0.0
3347.0,197.0,2025-09-11,FUEL,175.52,0.0
3348.0,395.0,2025-12-30,RESTAURANT,155.55,0.0
3349.0,169.0,2025-09-10,RESTAURANT,104.27,0.0
3350.0,88.0,2025-12-26,ELECTRONICS,97.38,0.0
3351.0,250.0,2025-12-22,FUEL,109.56,0.0
3352.0,248.0,2025-11-06,GROCERY,144.38,0.0
3353.0,445.0,2025-05-09,ONLINE,177.79,0.0
3354.0,5.0,2025-01-16,FUEL,348.7,0.0
3355.0,438.0,2025-01-22,RESTAURANT,84.79,0.0
3356.0,106.0,2025-11-14,FUEL,254.19,0.0
3357.0,88.0,2025-11-11,ONLINE,351.23,0.0
3358.0,210.0,2025-04-23,TRAVEL,187.2,0.0
3359.0,276.0,2025-09-24,GROCERY,96.11,0.0
3360.0,465.0,2025-06-15,GROCERY,188.05,0.0
3361.0,268.0,2025-01-25,FUEL,24.71,0.0
3362.0,73.0,2025-08-27,FUEL,312.54,0.0
3363.0,226.0,2025-01-31,RESTAURANT,199.56,0.0
3364.0,461.0,2025-02-17,RESTAURANT,93.08,0.0
3365.0,358.0,2025-06-23,ONLINE,87.85,0.0
3366.0,109.0,2025-01-26,ELECTRONICS,30.93,0.0
3367.0,323.0,2025-05-05,ONLINE,220.64,0.0
3368.0,367.0,2025-10-02,ONLINE,89.37,0.0
3369.0,138.0,2025-08-06,ONLINE,330.72,0.0
3370.0,264.0,2025-01-21,GROCERY,24.31,0.0
3371.0,175.0,2025-03-21,FUEL,48.38,0.0
3372.0,91.0,2025-12-29,ELECTRONICS,43.59,0.0
3373.0,445.0,2025-12-17,GROCERY,7.19,0.0
3374.0,161.0,2025-12-02,GROCERY,164.01,0.0
3375.0,163.0,2025-07-06,RESTAURANT,37.31,0.0
3376.0,51.0,2025-06-07,FUEL,48.57,0.0
3377.0,223.0,2025-10-02,GROCERY,39.44,0.0
3378.0,322.0,2025-12-16,FUEL,75.49,0.0
3379.0,487.0,2025-02-15,TRAVEL,287.66,0.0
3380.0,388.0,2025-11-23,TRAVEL,144.38,0.0
3381.0,429.0,2025-08-14,TRAVEL,118.31,0.0
3382.0,494.0,2025-02-21,ONLINE,102.31,0.0
3383.0,350.0,2025-11-12,ONLINE,66.04,0.0
3384.0,429.0,2025-01-12,RESTAURANT,66.86,0.0
3385.0,153.0,2025-01-09,ONLINE,114.03,0.0
3386.0,358.0,2025-05-15,FUEL,266.69,0.0
3387.0,315.0,2025-07-17,FUEL,62.14,0.0
3388.0,226.0,2025-06-06,FUEL,203.88,0.0
3389.0,322.0,2025-04-01,ONLINE,41.06,0.0
3390.0,361.0,2025-08-28,TRAVEL,163.12,0.0
3391.0,206.0,2025-06-24,FUEL,259.69,0.0
3392.0,422.0,2025-02-13,FUEL,96.33,0.0
3393.0,19.0,2025-10-25,ELECTRONICS,66.45,0.0
3394.0,163.0,2025-04-23,FUEL,162.69,0.0
3395.0,184.0,2025-09-09,GROCERY,308.74,0.0
3396.0,416.0,2025-05-09,ONLINE,197.65,0.0
3397.0,255.0,2025-10-03,FUEL,336.88,0.0
3398.0,467.0,2025-04-13,ELECTRONICS,103.62,0.0
3399.0,476.0,2025-03-19,TRAVEL,98.81,0.0
3400.0,230.0,2025-01-28,ELECTRONICS,27.1,1.0
3401.0,364.0,2025-10-31,TRAVEL,64.11,0.0
3402.0,124.0,2025-09-21,RESTAURANT,93.28,0.0
3403.0,54.0,2025-08-13,ELECTRONICS,100.57,0.0
3404.0,246.0,2025-08-10,GROCERY,160.58,0.0
3405.0,151.0,2025-01-26,TRAVEL,69.7,0.0
3406.0,366.0,2025-05-31,ELECTRONICS,73.14,0.0
3407.0,261.0,2025-11-11,ELECTRONICS,375.26,0.0
3408.0,68.0,2025-04-16,GROCERY,7.61,0.0
3409.0,226.0,2025-01-21,FUEL,11.16,0.0
3410.0,201.0,2025-11-03,ONLINE,47.14,0.0
3411.0,3.0,2025-01-11,ELECTRONICS,10.44,0.0
3412.0,273.0,2025-09-09,RESTAURANT,13.71,0.0
3413.0,468.0,2025-11-01,ONLINE,76.93,1.0
3414.0,449.0,2025-09-30,TRAVEL,129.78,0.0
3415.0,453.0,2025-01-05,ONLINE,74.53,0.0
3416.0,447.0,2025-11-24,RESTAURANT,135.5,0.0
3417.0,462.0,2025-02-02,RESTAURANT,178.49,0.0
3418.0,49.0,2025-11-07,TRAVEL,119.13,0.0
3419.0,215.0,2025-01-07,RESTAURANT,135.23,0.0
3420.0,273.0,2025-06-29,TRAVEL,82.36,0.0
3421.0,417.0,2025-11-18,ELECTRONICS,69.58,0.0
3422.0,187.0,2025-04-07,RESTAURANT,9.24,0.0
3423.0,355.0,2025-01-17,RESTAURANT,184.9,0.0
3424.0,391.0,2025-02-02,ELECTRONICS,115.17,0.0
3425.0,256.0,2025-05-17,RESTAURANT,127.95,0.0
3426.0,121.0,2025-05-12,FUEL,25.72,0.0
3427.0,39.0,2025-03-21,ELECTRONICS,49.76,0.0
3428.0,223.0,2025-06-16,ELECTRONICS,78.87,0.0
3429.0,84.0,2025-05-05,RESTAURANT,37.05,0.0
3430.0,323.0,2025-08-04,ONLINE,117.79,0.0
3431.0,120.0,2025-04-17,FUEL,111.81,0.0
3432.0,439.0,2025-04-25,ONLINE,106.59,0.0
3433.0,448.0,2025-11-21,TRAVEL,182.98,0.0
3434.0,419.0,2025-10-14,ONLINE,119.84,0.0
3435.0,333.0,2025-10-08,GROCERY,245.59,0.0
3436.0,58.0,2025-05-19,ELECTRONICS,122.88,0.0
3437.0,492.0,2025-11-20,ONLINE,58.81,0.0
3438.0,33.0,2025-05-05,TRAVEL,99.16,0.0
3439.0,284.0,2025-09-20,RESTAURANT,4.8,0.0
3440.0,403.0,2025-10-02,GROCERY,129.04,0.0
3441.0,43.0,2025-05-01,FUEL,51.11,0.0
3442.0,249.0,2025-08-13,ONLINE,109.84,0.0
3443.0,239.0,2025-03-09,GROCERY,58.09,0.0
3444.0,99.0,2025-05-21,RESTAURANT,37.08,0.0
3445.0,56.0,2025-07-13,GROCERY,297.78,0.0
3446.0,455.0,2025-09-01,RESTAURANT,57.16,0.0
3447.0,451.0,2025-05-11,ELECTRONICS,48.63,0.0
3448.0,47.0,2025-09-17,ONLINE,165.32,0.0
3449.0,140.0,2025-08-23,RESTAURANT,76.9,0.0
3450.0,197.0,2025-11-12,ONLINE,53.59,0.0
3451.0,99.0,2025-01-15,ONLINE,168.59,0.0
3452.0,34.0,2025-07-07,GROCERY,96.9,0.0
3453.0,256.0,2025-09-18,TRAVEL,184.39,0.0
3454.0,222.0,2025-06-04,FUEL,251.45,0.0
3455.0,404.0,2025-04-20,ELECTRONICS,75.35,0.0
3456.0,149.0,2025-08-01,GROCERY,158.98,0.0
3457.0,256.0,2025-06-18,ELECTRONICS,259.32,0.0
3458.0,157.0,2025-06-06,GROCERY,306.08,0.0
3459.0,20.0,2025-12-24,ONLINE,63.14,0.0
3460.0,364.0,2025-06-04,FUEL,202.95,0.0
3461.0,372.0,2025-03-20,TRAVEL,11.35,0.0
3462.0,332.0,2025-01-07,ELECTRONICS,121.64,0.0
3463.0,18.0,2025-02-12,ELECTRONICS,29.29,0.0
3464.0,349.0,2025-07-15,RESTAURANT,75.36,0.0
3465.0,303.0,2025-03-18,ELECTRONICS,396.83,0.0
3466.0,221.0,2025-02-09,GROCERY,186.93,0.0
3467.0,309.0,2025-05-09,ONLINE,30.0,0.0
3468.0,56.0,2025-03-29,TRAVEL,39.99,0.0
3469.0,105.0,2025-07-15,ONLINE,216.81,0.0
3470.0,65.0,2025-01-21,TRAVEL,212.02,0.0
3471.0,224.0,2025-12-24,RESTAURANT,219.73,0.0
3472.0,448.0,2025-11-29,FUEL,121.22,0.0
3473.0,4.0,2025-11-14,TRAVEL,186.35,0.0
3474.0,224.0,2025-03-04,ELECTRONICS,78.24,0.0
3475.0,142.0,2025-09-18,FUEL,75.49,0.0
3476.0,469.0,2025-01-05,TRAVEL,116.31,0.0
3477.0,310.0,2025-09-20,FUEL,52.78,0.0
3478.0,111.0,2025-10-19,TRAVEL,45.6,0.0
3479.0,143.0,2025-04-14,ONLINE,151.97,0.0
3480.0,291.0,2025-06-19,ONLINE,161.55,0.0
3481.0,24.0,2025-12-05,FUEL,46.6,0.0
3482.0,34.0,2025-03-14,RESTAURANT,63.46,0.0
3483.0,338.0,2025-07-16,RESTAURANT,137.06,0.0
3484.0,402.0,2025-04-21,RESTAURANT,128.93,0.0
3485.0,372.0,2025-03-01,ELECTRONICS,121.33,0.0
3486.0,86.0,2025-09-06,ELECTRONICS,48.65,0.0
3487.0,432.0,2025-12-13,TRAVEL,432.04,0.0
3488.0,113.0,2025-07-26,GROCERY,70.15,0.0
3489.0,438.0,2025-07-04,ELECTRONICS,141.12,0.0
3490.0,148.0,2025-07-14,TRAVEL,36.92,0.0
3491.0,249.0,2025-02-26,TRAVEL,96.94,0.0
3492.0,479.0,2025-03-15,GROCERY,45.63,0.0
3493.0,204.0,2025-09-26,GROCERY,67.85,0.0
3494.0,334.0,2025-08-02,GROCERY,122.98,0.0
3495.0,293.0,2025-03-27,ONLINE,242.7,0.0
3496.0,38.0,2025-01-08,ONLINE,62.16,0.0
3497.0,397.0,2025-03-10,GROCERY,118.66,0.0
3498.0,180.0,2025-07-04,ONLINE,139.81,0.0
3499.0,238.0,2025-04-08,TRAVEL,166.73,0.0
3500.0,153.0,2025-09-24,ONLINE,16.05,0.0
3501.0,498.0,2025-07-31,FUEL,183.94,0.0
3502.0,276.0,2025-02-23,RESTAURANT,140.95,0.0
3503.0,319.0,2025-04-17,TRAVEL,121.19,0.0
3504.0,262.0,2025-01-14,ELECTRONICS,56.07,0.0
3505.0,155.0,2025-01-15,FUEL,129.22,0.0
3506.0,294.0,2025-10-02,ELECTRONICS,357.81,0.0
3507.0,397.0,2025-05-22,GROCERY,224.79,0.0
3508.0,48.0,2025-11-18,TRAVEL,75.06,0.0
3509.0,76.0,2025-03-27,RESTAURANT,119.89,0.0
3510.0,83.0,2025-04-28,TRAVEL,122.62,0.0
3511.0,468.0,2025-07-06,RESTAURANT,84.08,0.0
3512.0,289.0,2025-04-13,TRAVEL,31.02,0.0
3513.0,171.0,2025-06-17,RESTAURANT,76.09,0.0
3514.0,100.0,2025-02-14,FUEL,148.4,0.0
3515.0,343.0,2025-01-29,RESTAURANT,74.73,0.0
3516.0,263.0,2025-11-11,FUEL,96.89,0.0
3517.0,313.0,2025-03-31,RESTAURANT,244.67,0.0
3518.0,358.0,2025-02-07,RESTAURANT,97.36,0.0
3519.0,48.0,2025-04-13,TRAVEL,102.15,0.0
3520.0,340.0,2025-06-03,GROCERY,112.17,0.0
3521.0,361.0,2025-06-26,GROCERY,69.39,0.0
3522.0,139.0,2025-10-07,TRAVEL,187.98,0.0
3523.0,156.0,2025-10-28,ONLINE,37.03,0.0
3524.0,297.0,2025-04-17,GROCERY,69.1,0.0
3525.0,191.0,2025-03-21,RESTAURANT,120.35,0.0
3526.0,466.0,2025-02-15,GROCERY,-78.42,0.0
3527.0,49.0,2025-02-27,RESTAURANT,287.58,0.0
3528.0,85.0,2025-01-11,TRAVEL,102.9,0.0
3529.0,406.0,2025-01-01,TRAVEL,100.79,0.0
3530.0,341.0,2025-06-02,ONLINE,46.49,0.0
3531.0,431.0,2025-08-10,ELECTRONICS,79.7,0.0
3532.0,12.0,2025-10-27,ONLINE,182.38,0.0
3533.0,68.0,2025-04-29,TRAVEL,58.48,0.0
3534.0,419.0,2025-04-16,ELECTRONICS,20.65,0.0
3535.0,407.0,2025-09-02,ELECTRONICS,90.54,0.0
3536.0,413.0,2025-08-21,FUEL,106.53,0.0
3537.0,449.0,2025-09-09,TRAVEL,72.87,0.0
3538.0,116.0,2025-03-04,TRAVEL,247.12,0.0
3539.0,49.0,2025-01-17,ELECTRONICS,396.18,0.0
3540.0,149.0,2025-07-18,ELECTRONICS,119.77,0.0
3541.0,499.0,2025-06-02,RESTAURANT,79.06,0.0
3542.0,259.0,2025-04-05,RESTAURANT,148.46,0.0
3543.0,3.0,2025-12-20,ONLINE,248.26,0.0
3544.0,372.0,2025-02-28,ELECTRONICS,62.28,0.0
3545.0,422.0,2025-04-11,TRAVEL,175.81,0.0
3546.0,62.0,2025-10-01,FUEL,90.47,0.0
3547.0,280.0,2025-07-13,ELECTRONICS,215.73,0.0
3548.0,373.0,2025-03-26,TRAVEL,46.51,0.0
3549.0,479.0,2025-07-16,TRAVEL,269.01,0.0
3550.0,304.0,2025-06-03,GROCERY,122.65,0.0
3551.0,170.0,2025-04-06,FUEL,148.14,0.0
3552.0,456.0,2025-09-02,TRAVEL,40.15,0.0
3553.0,181.0,2025-10-12,GROCERY,39.09,0.0
3554.0,317.0,2025-01-26,ONLINE,131.72,0.0
3555.0,421.0,2025-01-02,ONLINE,151.36,0.0
3556.0,266.0,2025-11-26,GROCERY,84.57,0.0
3557.0,356.0,2025-03-24,FUEL,162.58,0.0
3558.0,421.0,2025-02-01,ONLINE,39.9,0.0
3559.0,301.0,2025-08-05,RESTAURANT,28.9,0.0
3560.0,211.0,2025-04-28,RESTAURANT,112.7,0.0
3561.0,323.0,2025-12-01,ONLINE,38.54,0.0
3562.0,201.0,2025-12-17,FUEL,21.25,0.0
3563.0,342.0,2025-01-04,FUEL,49.81,0.0
3564.0,41.0,2025-03-11,RESTAURANT,147.68,0.0
3565.0,24.0,2025-08-08,ONLINE,120.8,0.0
3566.0,238.0,2025-05-03,TRAVEL,250.38,0.0
3567.0,59.0,2025-01-02,TRAVEL,126.76,0.0
3568.0,366.0,2025-06-18,ELECTRONICS,41.35,0.0
3569.0,91.0,2025-08-16,RESTAURANT,154.64,0.0
3570.0,250.0,2025-12-28,TRAVEL,60.87,0.0
3571.0,89.0,2025-05-31,FUEL,83.32,0.0
3572.0,461.0,2025-10-16,FUEL,61.82,0.0
3573.0,422.0,2025-06-08,TRAVEL,36.27,0.0
3574.0,1.0,2025-09-03,TRAVEL,534.46,0.0
3575.0,198.0,2025-12-20,ONLINE,53.29,0.0
3576.0,472.0,2025-10-24,ELECTRONICS,18.34,0.0
3577.0,245.0,2025-09-07,GROCERY,167.66,0.0
3578.0,423.0,2025-10-30,TRAVEL,13.34,0.0
3579.0,45.0,2025-03-13,ELECTRONICS,91.02,0.0
3580.0,215.0,2025-10-18,FUEL,185.51,0.0
3581.0,436.0,2025-12-31,ONLINE,31.96,0.0
3582.0,98.0,2025-12-22,RESTAURANT,103.04,0.0
3583.0,6.0,2025-04-04,RESTAURANT,80.66,0.0
3584.0,368.0,2025-06-06,TRAVEL,52.51,0.0
3585.0,42.0,2025-09-08,FUEL,250.86,0.0
3586.0,151.0,2025-01-27,ONLINE,80.1,0.0
3587.0,407.0,2025-09-06,FUEL,165.29,0.0
3588.0,446.0,2025-04-11,ELECTRONICS,196.5,0.0
3589.0,66.0,2025-11-07,GROCERY,87.98,0.0
3590.0,249.0,2025-08-13,ELECTRONICS,42.14,0.0
3591.0,397.0,2025-05-26,TRAVEL,199.75,0.0
3592.0,196.0,2025-01-19,TRAVEL,91.17,0.0
3593.0,176.0,2025-09-12,RESTAURANT,98.93,0.0
3594.0,272.0,2025-07-15,TRAVEL,76.13,0.0
3595.0,389.0,2025-08-17,RESTAURANT,194.81,0.0
3596.0,21.0,2025-01-07,FUEL,37.57,0.0
3597.0,26.0,2025-06-09,TRAVEL,99.9,0.0
3598.0,54.0,2025-10-03,ONLINE,43.06,0.0
3599.0,171.0,2025-12-01,RESTAURANT,75.91,0.0
3600.0,140.0,2025-05-09,TRAVEL,213.16,0.0
3601.0,241.0,2025-04-02,GROCERY,211.35,0.0
3602.0,151.0,2025-09-15,ELECTRONICS,85.37,0.0
3603.0,313.0,2025-03-23,GROCERY,126.69,0.0
3604.0,161.0,2025-11-21,ONLINE,124.92,0.0
3605.0,419.0,2025-08-19,TRAVEL,43.22,0.0
3606.0,155.0,2025-12-04,ELECTRONICS,150.41,0.0
3607.0,123.0,2025-03-11,GROCERY,47.39,0.0
3608.0,431.0,2025-01-31,RESTAURANT,72.36,0.0
3609.0,330.0,2025-10-30,ONLINE,19.19,0.0
3610.0,24.0,2025-04-16,ELECTRONICS,-168.84,0.0
3611.0,76.0,2025-05-04,GROCERY,195.47,0.0
3612.0,25.0,2025-04-08,FUEL,130.09,0.0
3613.0,398.0,2025-06-03,GROCERY,103.48,0.0
3614.0,314.0,2025-11-25,TRAVEL,69.3,0.0
3615.0,467.0,2025-09-07,ELECTRONICS,171.86,0.0
3616.0,165.0,2025-01-27,RESTAURANT,291.44,0.0
3617.0,24.0,2025-11-20,ONLINE,53.28,0.0
3618.0,230.0,2025-06-11,RESTAURANT,86.99,0.0
3619.0,40.0,2025-09-09,ELECTRONICS,40.91,0.0
3620.0,73.0,2025-05-14,GROCERY,103.92,0.0
3621.0,394.0,2025-02-04,ELECTRONICS,75.26,0.0
3622.0,190.0,2025-06-03,TRAVEL,91.95,0.0
3623.0,441.0,2025-05-04,ONLINE,173.42,0.0
3624.0,257.0,2025-01-07,TRAVEL,208.05,0.0
3625.0,325.0,2025-10-01,FUEL,35.33,0.0
3626.0,418.0,2025-11-11,FUEL,123.97,0.0
3627.0,231.0,2025-11-28,GROCERY,251.44,0.0
3628.0,160.0,2025-03-31,TRAVEL,143.96,0.0
3629.0,385.0,2025-08-20,FUEL,44.06,0.0
3630.0,416.0,2025-07-14,ONLINE,201.79,1.0
3631.0,150.0,2025-08-06,ONLINE,151.1,0.0
3632.0,412.0,2025-10-19,RESTAURANT,-140.85,0.0
3633.0,496.0,2025-05-19,FUEL,85.05,0.0
3634.0,97.0,2025-04-11,ELECTRONICS,-134.83,0.0
3635.0,424.0,2025-06-24,GROCERY,514.11,0.0
3636.0,44.0,2025-08-31,FUEL,15.81,0.0
3637.0,444.0,2025-06-07,ELECTRONICS,71.74,0.0
3638.0,446.0,2025-04-21,TRAVEL,77.48,0.0
3639.0,428.0,2025-01-21,RESTAURANT,6.24,0.0
3640.0,175.0,2025-07-29,ONLINE,365.39,0.0
3641.0,467.0,2025-01-08,FUEL,40.88,0.0
3642.0,277.0,2025-06-21,FUEL,38.6,0.0
3643.0,33.0,2025-08-14,ELECTRONICS,24.41,0.0
3644.0,425.0,2025-06-18,ONLINE,71.09,0.0
3645.0,455.0,2025-07-06,ELECTRONICS,140.42,0.0
3646.0,152.0,2025-04-12,ONLINE,98.02,0.0
3647.0,125.0,2025-03-31,TRAVEL,46.45,0.0
3648.0,285.0,2025-11-05,FUEL,135.01,0.0
3649.0,180.0,2025-11-22,RESTAURANT,98.93,0.0
3650.0,320.0,2025-02-28,ONLINE,231.9,0.0
3651.0,186.0,2025-03-17,ONLINE,58.92,0.0
3652.0,109.0,2025-05-11,GROCERY,54.39,0.0
3653.0,117.0,2025-09-13,ONLINE,179.25,0.0
3654.0,329.0,2025-01-23,GROCERY,39.51,0.0
3655.0,220.0,2025-10-15,RESTAURANT,23.62,0.0
3656.0,8.0,2025-01-03,ONLINE,96.56,0.0
3657.0,253.0,2025-11-03,ONLINE,143.66,0.0
3658.0,394.0,2025-01-15,GROCERY,21.8,0.0
3659.0,75.0,2025-11-03,ELECTRONICS,192.98,0.0
3660.0,123.0,2025-12-11,FUEL,19.49,0.0
3661.0,180.0,2025-10-17,TRAVEL,61.62,0.0
3662.0,464.0,2025-12-26,RESTAURANT,98.58,0.0
3663.0,175.0,2025-06-17,GROCERY,247.12,0.0
3664.0,419.0,2025-08-23,RESTAURANT,257.31,0.0
3665.0,338.0,2025-08-16,FUEL,113.11,0.0
3666.0,497.0,2025-01-05,ELECTRONICS,70.43,0.0
3667.0,291.0,2025-11-10,ONLINE,74.0,1.0
3668.0,159.0,2025-09-15,TRAVEL,341.96,0.0
3669.0,359.0,2025-06-03,ELECTRONICS,219.31,0.0
3670.0,46.0,2025-03-20,ONLINE,130.83,0.0
3671.0,392.0,2025-09-02,FUEL,115.77,0.0
3672.0,118.0,2025-12-25,FUEL,107.99,0.0
3673.0,334.0,2025-02-28,RESTAURANT,14.93,0.0
3674.0,291.0,2025-12-02,GROCERY,3.27,0.0
3675.0,121.0,2025-07-26,ONLINE,82.88,0.0
3676.0,241.0,2025-10-15,ELECTRONICS,35.14,0.0
3677.0,252.0,2025-02-21,ELECTRONICS,116.82,0.0
3678.0,384.0,2025-02-08,ELECTRONICS,110.41,0.0
3679.0,234.0,2025-08-30,RESTAURANT,23.04,1.0
3680.0,30.0,2025-04-14,ELECTRONICS,118.57,0.0
3681.0,38.0,2025-05-18,GROCERY,123.61,0.0
3682.0,333.0,2025-08-16,TRAVEL,121.09,0.0
3683.0,448.0,2025-03-25,ONLINE,59.48,0.0
3684.0,218.0,2025-05-05,TRAVEL,138.82,0.0
3685.0,46.0,2025-05-12,GROCERY,145.4,0.0
3686.0,86.0,2025-05-09,TRAVEL,137.93,0.0
3687.0,489.0,2025-09-14,ELECTRONICS,79.74,0.0
3688.0,352.0,2025-02-25,RESTAURANT,269.83,0.0
3689.0,16.0,2025-11-28,TRAVEL,232.95,0.0
3690.0,130.0,2025-09-19,ONLINE,103.67,0.0
3691.0,365.0,2025-01-05,RESTAURANT,55.02,0.0
3692.0,316.0,2025-07-26,RESTAURANT,49.59,0.0
3693.0,144.0,2025-03-03,ELECTRONICS,147.62,0.0
3694.0,348.0,2025-02-25,ONLINE,30.27,0.0
3695.0,453.0,2025-09-15,GROCERY,155.23,0.0
3696.0,451.0,2025-04-01,ELECTRONICS,26.12,0.0
3697.0,413.0,2025-07-27,GROCERY,91.06,0.0
3698.0,178.0,2025-04-14,FUEL,146.85,0.0
3699.0,13.0,2025-04-27,GROCERY,51.52,0.0
3700.0,196.0,2025-09-02,TRAVEL,190.46,0.0
3701.0,11.0,2025-08-26,ELECTRONICS,72.41,0.0
3702.0,286.0,2025-01-08,TRAVEL,97.79,0.0
3703.0,302.0,2025-11-13,ELECTRONICS,11.76,0.0
3704.0,171.0,2025-08-03,TRAVEL,25.35,0.0
3705.0,75.0,2025-04-05,RESTAURANT,12.97,0.0
3706.0,263.0,2025-02-11,ELECTRONICS,166.55,0.0
3707.0,8.0,2025-06-27,FUEL,69.65,0.0
3708.0,139.0,2025-09-11,TRAVEL,203.75,0.0
3709.0,484.0,2025-01-08,FUEL,7.51,0.0
3710.0,458.0,2025-04-16,RESTAURANT,134.32,0.0
3711.0,317.0,2025-12-12,GROCERY,11.67,0.0
3712.0,188.0,2025-02-06,TRAVEL,46.36,0.0
3713.0,6.0,2025-10-20,TRAVEL,89.8,0.0
3714.0,326.0,2025-03-28,RESTAURANT,67.83,0.0
3715.0,246.0,2025-07-04,ELECTRONICS,121.13,0.0
3716.0,357.0,2025-10-06,ONLINE,59.12,0.0
3717.0,79.0,2025-12-29,GROCERY,82.03,0.0
3718.0,416.0,2025-08-09,ONLINE,39.03,0.0
3719.0,403.0,2025-03-22,ONLINE,152.48,0.0
3720.0,215.0,2025-01-30,RESTAURANT,106.76,0.0
3721.0,15.0,2025-09-29,TRAVEL,133.23,0.0
3722.0,234.0,2025-07-31,FUEL,95.34,0.0
3723.0,186.0,2025-10-08,ONLINE,172.24,0.0
3724.0,381.0,2025-12-27,RESTAURANT,60.08,0.0
3725.0,120.0,2025-10-31,TRAVEL,102.57,0.0
3726.0,10.0,2025-07-03,GROCERY,555.35,0.0
3727.0,491.0,2025-09-08,TRAVEL,32.97,0.0
3728.0,121.0,2025-08-17,ONLINE,211.57,0.0
3729.0,40.0,2025-03-11,GROCERY,399.41,0.0
3730.0,429.0,2025-04-23,GROCERY,142.77,0.0
3731.0,360.0,2025-02-03,ELECTRONICS,4.39,0.0
3732.0,135.0,2025-05-15,TRAVEL,34.61,0.0
3733.0,240.0,2025-03-07,GROCERY,122.2,0.0
3734.0,345.0,2025-11-24,ELECTRONICS,96.37,0.0
3735.0,409.0,2025-11-10,RESTAURANT,277.49,0.0
3736.0,187.0,2025-09-23,GROCERY,283.64,0.0
3737.0,108.0,2025-05-27,RESTAURANT,90.71,0.0
3738.0,8.0,2025-01-03,GROCERY,96.12,0.0
3739.0,428.0,2025-07-19,TRAVEL,63.41,0.0
3740.0,408.0,2025-01-10,ELECTRONICS,137.85,0.0
3741.0,476.0,2025-01-10,FUEL,44.06,0.0
3742.0,374.0,2025-02-26,RESTAURANT,87.84,0.0
3743.0,107.0,2025-06-29,RESTAURANT,47.08,0.0
3744.0,121.0,2025-10-01,ONLINE,116.05,0.0
3745.0,122.0,2025-05-30,ONLINE,202.36,0.0
3746.0,230.0,2025-10-10,FUEL,25.89,0.0
3747.0,482.0,2025-07-15,ONLINE,83.25,0.0
3748.0,346.0,2025-11-23,GROCERY,247.31,0.0
3749.0,218.0,2025-05-17,ELECTRONICS,298.53,0.0
3750.0,369.0,2025-04-20,RESTAURANT,63.87,0.0
3751.0,418.0,2025-01-28,FUEL,49.12,0.0
3752.0,202.0,2025-03-21,FUEL,2.31,0.0
3753.0,422.0,2025-01-17,TRAVEL,217.91,0.0
3754.0,10.0,2025-03-05,ONLINE,208.25,0.0
3755.0,156.0,2025-12-13,FUEL,106.36,0.0
3756.0,85.0,2025-07-18,RESTAURANT,428.8,0.0
3757.0,90.0,2025-08-09,FUEL,96.32,0.0
3758.0,102.0,2025-05-21,ONLINE,222.64,0.0
3759.0,184.0,2025-08-23,ELECTRONICS,67.01,0.0
3760.0,363.0,2025-07-25,ELECTRONICS,80.47,0.0
3761.0,296.0,2025-12-01,ELECTRONICS,121.77,0.0
3762.0,221.0,2025-10-18,TRAVEL,47.6,0.0
3763.0,249.0,2025-07-21,FUEL,181.87,0.0
3764.0,92.0,2025-10-13,FUEL,109.31,0.0
3765.0,369.0,2025-08-13,RESTAURANT,15.67,0.0
3766.0,378.0,2025-12-30,TRAVEL,226.29,0.0
3767.0,275.0,2025-07-10,TRAVEL,44.01,0.0
3768.0,408.0,2025-11-07,ONLINE,48.1,0.0
3769.0,403.0,2025-03-06,ELECTRONICS,80.06,0.0
3770.0,403.0,2025-03-03,ELECTRONICS,140.63,0.0
3771.0,52.0,2025-04-24,ELECTRONICS,127.6,0.0
3772.0,44.0,2025-10-28,ELECTRONICS,278.92,0.0
3773.0,220.0,2025-11-19,GROCERY,122.84,0.0
3774.0,29.0,2025-05-27,ELECTRONICS,23.52,0.0
3775.0,9.0,2025-06-12,ONLINE,38.64,0.0
3776.0,66.0,2025-06-28,GROCERY,21.41,0.0
3777.0,61.0,2025-03-16,GROCERY,21.0,0.0
3778.0,163.0,2025-07-16,TRAVEL,72.52,0.0
3779.0,166.0,2025-10-30,TRAVEL,215.1,0.0
3780.0,410.0,2025-10-02,GROCERY,108.83,0.0
3781.0,451.0,2025-02-01,RESTAURANT,144.68,0.0
3782.0,86.0,2025-05-10,ONLINE,179.7,0.0
3783.0,191.0,2025-08-22,TRAVEL,225.93,0.0
3784.0,255.0,2025-08-05,FUEL,52.81,0.0
3785.0,137.0,2025-09-13,FUEL,204.98,0.0
3786.0,166.0,2025-09-30,RESTAURANT,186.17,0.0
3787.0,336.0,2025-04-21,GROCERY,70.03,0.0
3788.0,213.0,2025-06-21,TRAVEL,49.82,0.0
3789.0,352.0,2025-03-02,ONLINE,86.93,0.0
3790.0,38.0,2025-09-19,RESTAURANT,273.45,0.0
3791.0,241.0,2025-06-13,ONLINE,223.25,0.0
3792.0,156.0,2025-05-08,ELECTRONICS,69.49,0.0
3793.0,145.0,2025-10-03,FUEL,209.33,0.0
3794.0,235.0,2025-12-09,ONLINE,162.04,0.0
3795.0,151.0,2025-11-20,GROCERY,141.49,0.0
3796.0,380.0,2025-02-19,FUEL,258.48,0.0
3797.0,93.0,2025-10-25,TRAVEL,126.31,0.0
3798.0,447.0,2025-07-26,RESTAURANT,103.71,0.0
3799.0,182.0,2025-02-09,FUEL,12.46,0.0
3800.0,264.0,2025-05-22,FUEL,178.62,0.0
3801.0,85.0,2025-03-23,FUEL,46.14,0.0
3802.0,460.0,2025-04-05,TRAVEL,39.66,0.0
3803.0,322.0,2025-08-14,RESTAURANT,106.47,0.0
3804.0,385.0,2025-05-28,RESTAURANT,38.84,0.0
3805.0,448.0,2025-09-17,RESTAURANT,134.19,0.0
3806.0,498.0,2025-10-22,FUEL,117.58,0.0
3807.0,128.0,2025-01-04,ELECTRONICS,109.91,0.0
3808.0,165.0,2025-10-28,RESTAURANT,86.96,0.0
3809.0,122.0,2025-02-22,TRAVEL,174.62,0.0
3810.0,251.0,2025-01-03,ELECTRONICS,134.59,0.0
3811.0,450.0,2025-02-04,GROCERY,132.89,0.0
3812.0,370.0,2025-01-19,RESTAURANT,50.34,0.0
3813.0,285.0,2025-05-05,ELECTRONICS,93.39,0.0
3814.0,237.0,2025-11-03,ELECTRONICS,49.61,0.0
3815.0,365.0,2025-09-06,FUEL,92.27,0.0
3816.0,234.0,2025-06-11,ELECTRONICS,56.52,0.0
3817.0,445.0,2025-12-11,TRAVEL,90.53,0.0
3818.0,280.0,2025-06-27,GROCERY,93.42,0.0
3819.0,333.0,2025-02-02,ELECTRONICS,90.53,0.0
3820.0,340.0,2025-01-08,RESTAURANT,177.38,0.0
3821.0,372.0,2025-07-04,TRAVEL,147.86,0.0
3822.0,240.0,2025-03-24,RESTAURANT,30.32,0.0
3823.0,194.0,2025-05-16,FUEL,83.11,0.0
3824.0,208.0,2025-04-23,RESTAURANT,109.74,0.0
3825.0,470.0,2025-05-26,ONLINE,54.47,0.0
3826.0,55.0,2025-12-18,ONLINE,117.73,0.0
3827.0,352.0,2025-01-25,RESTAURANT,60.13,0.0
3828.0,481.0,2025-02-09,ELECTRONICS,98.17,0.0
3829.0,36.0,2025-04-16,ELECTRONICS,45.09,0.0
3830.0,309.0,2025-09-29,RESTAURANT,90.14,0.0
3831.0,298.0,2025-04-03,FUEL,150.54,0.0
3832.0,168.0,2025-04-01,FUEL,165.39,0.0
3833.0,48.0,2025-09-20,GROCERY,99.62,0.0
3834.0,339.0,2025-08-08,ELECTRONICS,352.76,0.0
3835.0,262.0,2025-08-23,FUEL,126.31,0.0
3836.0,376.0,2025-08-29,ELECTRONICS,168.84,0.0
3837.0,45.0,2025-08-21,FUEL,232.05,0.0
3838.0,468.0,2025-07-22,ELECTRONICS,55.32,0.0
3839.0,314.0,2025-07-09,ONLINE,149.49,0.0
3840.0,222.0,2025-10-07,GROCERY,116.78,0.0
3841.0,229.0,2025-05-05,TRAVEL,153.3,0.0
3842.0,476.0,2025-04-28,GROCERY,195.1,0.0
3843.0,277.0,2025-03-30,TRAVEL,47.67,0.0
3844.0,291.0,2025-10-31,ONLINE,343.18,0.0
3845.0,325.0,2025-01-05,ELECTRONICS,103.03,0.0
3846.0,157.0,2025-03-18,FUEL,76.96,0.0
3847.0,126.0,2025-02-23,RESTAURANT,8.25,0.0
3848.0,376.0,2025-05-17,RESTAURANT,221.74,0.0
3849.0,160.0,2025-03-22,ONLINE,185.99,0.0
3850.0,18.0,2025-07-04,RESTAURANT,85.36,0.0
3851.0,242.0,2025-12-23,ONLINE,16.64,0.0
3852.0,6.0,2025-06-05,ELECTRONICS,106.28,0.0
3853.0,284.0,2025-12-21,GROCERY,27.07,0.0
3854.0,323.0,2025-04-23,RESTAURANT,206.61,0.0
3855.0,462.0,2025-10-08,GROCERY,83.28,0.0
3856.0,304.0,2025-02-20,ELECTRONICS,44.12,0.0
3857.0,176.0,2025-08-11,TRAVEL,120.05,0.0
3858.0,322.0,2025-10-02,ONLINE,133.05,0.0
3859.0,296.0,2025-09-02,GROCERY,144.51,0.0
3860.0,371.0,2025-12-09,RESTAURANT,46.67,0.0
3861.0,462.0,2025-08-08,ELECTRONICS,194.0,0.0
3862.0,49.0,2025-08-03,ELECTRONICS,84.83,0.0
3863.0,359.0,2025-08-25,GROCERY,11.63,0.0
3864.0,403.0,2025-05-10,ONLINE,92.69,0.0
3865.0,165.0,2025-03-22,TRAVEL,91.77,0.0
3866.0,202.0,2025-11-27,FUEL,90.5,0.0
3867.0,208.0,2025-12-23,ONLINE,121.83,0.0
3868.0,187.0,2025-12-06,FUEL,295.5,0.0
3869.0,440.0,2025-10-04,ELECTRONICS,94.8,0.0
3870.0,164.0,2025-03-23,RESTAURANT,103.79,0.0
3871.0,219.0,2025-03-27,GROCERY,64.04,0.0
3872.0,293.0,2025-04-23,TRAVEL,94.62,0.0
3873.0,127.0,2025-07-07,TRAVEL,146.76,0.0
3874.0,349.0,2025-03-28,GROCERY,149.21,1.0
3875.0,262.0,2025-10-16,FUEL,244.13,0.0
3876.0,86.0,2025-01-31,ELECTRONICS,15.31,0.0
3877.0,93.0,2025-11-29,ONLINE,179.71,0.0
3878.0,14.0,2025-06-15,ONLINE,161.66,0.0
3879.0,292.0,2025-05-21,ONLINE,23.58,0.0
3880.0,401.0,2025-06-14,ELECTRONICS,240.61,0.0
3881.0,496.0,2025-06-26,GROCERY,28.98,0.0
3882.0,330.0,2025-07-21,ONLINE,149.62,0.0
3883.0,485.0,2025-04-24,ELECTRONICS,12.12,0.0
3884.0,495.0,2025-04-21,GROCERY,43.78,0.0
3885.0,307.0,2025-05-18,ONLINE,152.79,0.0
3886.0,188.0,2025-02-26,GROCERY,157.34,0.0
3887.0,444.0,2025-03-25,ELECTRONICS,87.79,0.0
3888.0,317.0,2025-06-02,ONLINE,256.06,0.0
3889.0,408.0,2025-01-11,ELECTRONICS,150.33,0.0
3890.0,114.0,2025-06-03,TRAVEL,197.4,0.0
3891.0,476.0,2025-06-01,FUEL,90.89,0.0
3892.0,215.0,2025-01-01,FUEL,38.1,0.0
3893.0,437.0,2025-06-21,GROCERY,37.72,0.0
3894.0,188.0,2025-08-30,FUEL,75.86,0.0
3895.0,450.0,2025-10-12,FUEL,45.6,0.0
3896.0,337.0,2025-05-22,ONLINE,42.83,0.0
3897.0,115.0,2025-07-10,ONLINE,19.36,0.0
3898.0,75.0,2025-01-29,FUEL,79.93,0.0
3899.0,80.0,2025-04-30,GROCERY,18.85,0.0
3900.0,188.0,2025-08-31,RESTAURANT,78.6,0.0
3901.0,22.0,2025-06-19,TRAVEL,13.83,0.0
3902.0,275.0,2025-12-15,ELECTRONICS,72.72,0.0
3903.0,330.0,2025-10-18,TRAVEL,-146.65,0.0
3904.0,373.0,2025-11-28,GROCERY,44.13,0.0
3905.0,467.0,2025-06-25,ELECTRONICS,123.0,0.0
3906.0,401.0,2025-01-28,RESTAURANT,117.08,0.0
3907.0,497.0,2025-07-22,FUEL,55.9,0.0
3908.0,302.0,2025-12-12,TRAVEL,17.83,0.0
3909.0,427.0,2025-03-05,FUEL,180.44,0.0
3910.0,388.0,2025-12-17,ELECTRONICS,55.52,0.0
3911.0,416.0,2025-01-03,FUEL,279.05,0.0
3912.0,206.0,2025-08-13,TRAVEL,174.16,0.0
3913.0,260.0,2025-12-06,ONLINE,153.75,0.0
3914.0,457.0,2025-03-19,FUEL,28.43,0.0
3915.0,226.0,2025-04-08,ELECTRONICS,154.46,0.0
3916.0,304.0,2025-10-22,TRAVEL,213.23,0.0
3917.0,321.0,2025-05-07,TRAVEL,104.44,0.0
3918.0,93.0,2025-08-28,RESTAURANT,124.43,0.0
3919.0,12.0,2025-02-11,TRAVEL,147.31,0.0
3920.0,348.0,2025-09-03,FUEL,230.01,0.0
3921.0,398.0,2025-07-07,ONLINE,132.91,0.0
3922.0,292.0,2025-07-02,RESTAURANT,143.95,0.0
3923.0,329.0,2025-09-27,FUEL,119.88,0.0
3924.0,34.0,2025-06-13,TRAVEL,284.66,0.0
3925.0,86.0,2025-09-08,ELECTRONICS,106.61,0.0
3926.0,369.0,2025-06-05,ONLINE,143.23,0.0
3927.0,318.0,2025-11-09,ELECTRONICS,239.57,0.0
3928.0,99.0,2025-07-22,ONLINE,68.9,0.0
3929.0,300.0,2025-04-15,FUEL,320.05,0.0
3930.0,18.0,2025-11-17,TRAVEL,63.27,0.0
3931.0,394.0,2025-04-25,TRAVEL,44.71,0.0
3932.0,14.0,2025-12-10,ONLINE,146.32,0.0
3933.0,419.0,2025-12-19,TRAVEL,60.59,0.0
3934.0,112.0,2025-07-23,GROCERY,275.93,0.0
3935.0,127.0,2025-06-16,RESTAURANT,388.32,0.0
3936.0,463.0,2025-04-07,TRAVEL,46.23,1.0
3937.0,408.0,2025-11-01,ONLINE,42.36,0.0
3938.0,169.0,2025-04-09,ONLINE,40.58,0.0
3939.0,92.0,2025-08-12,ONLINE,11.6,0.0
3940.0,55.0,2025-10-21,FUEL,59.13,0.0
3941.0,198.0,2025-03-08,GROCERY,206.93,0.0
3942.0,291.0,2025-03-05,FUEL,151.69,0.0
3943.0,247.0,2025-12-16,RESTAURANT,84.82,0.0
3944.0,449.0,2025-12-27,FUEL,139.27,0.0
3945.0,403.0,2025-04-29,FUEL,30.66,0.0
3946.0,131.0,2025-03-26,TRAVEL,106.24,0.0
3947.0,451.0,2025-08-23,TRAVEL,121.38,0.0
3948.0,231.0,2025-08-01,FUEL,115.87,0.0
3949.0,9.0,2025-04-03,ONLINE,57.5,0.0
3950.0,426.0,2025-03-20,TRAVEL,55.63,0.0
3951.0,369.0,2025-07-30,TRAVEL,161.89,0.0
3952.0,178.0,2025-04-11,ELECTRONICS,154.69,0.0
3953.0,439.0,2025-07-17,ONLINE,12.44,0.0
3954.0,453.0,2025-09-08,ELECTRONICS,12.14,0.0
3955.0,478.0,2025-04-06,FUEL,368.7,0.0
3956.0,457.0,2025-07-28,TRAVEL,124.3,0.0
3957.0,134.0,2025-12-27,TRAVEL,116.15,0.0
3958.0,279.0,2025-07-16,ELECTRONICS,47.88,0.0
3959.0,87.0,2025-02-21,FUEL,76.72,0.0
3960.0,341.0,2025-09-26,ONLINE,61.64,0.0
3961.0,250.0,2025-06-11,FUEL,208.02,0.0
3962.0,440.0,2025-09-19,RESTAURANT,201.41,0.0
3963.0,451.0,2025-01-12,TRAVEL,125.83,0.0
3964.0,159.0,2025-09-17,FUEL,111.84,0.0
3965.0,158.0,2025-09-07,ELECTRONICS,142.29,0.0
3966.0,16.0,2025-01-02,ELECTRONICS,110.64,0.0
3967.0,253.0,2025-06-18,FUEL,162.0,0.0
3968.0,193.0,2025-06-21,ELECTRONICS,254.82,0.0
3969.0,498.0,2025-07-24,ONLINE,94.95,0.0
3970.0,409.0,2025-08-13,TRAVEL,48.64,0.0
3971.0,229.0,2025-09-12,GROCERY,112.73,0.0
3972.0,284.0,2025-11-30,TRAVEL,64.01,0.0
3973.0,315.0,2025-10-06,RESTAURANT,37.62,0.0
3974.0,452.0,2025-04-24,GROCERY,230.97,0.0
3975.0,498.0,2025-12-19,TRAVEL,108.07,0.0
3976.0,210.0,2025-06-24,ELECTRONICS,76.21,0.0
3977.0,184.0,2025-11-12,TRAVEL,120.71,0.0
3978.0,357.0,2025-06-27,RESTAURANT,68.17,0.0
3979.0,137.0,2025-04-29,ONLINE,235.83,0.0
3980.0,71.0,2025-09-21,ELECTRONICS,365.98,0.0
3981.0,142.0,2025-09-23,ELECTRONICS,71.28,0.0
3982.0,159.0,2025-02-14,FUEL,-91.44,0.0
3983.0,309.0,2025-01-28,GROCERY,132.69,0.0
3984.0,368.0,2025-10-04,GROCERY,33.85,0.0
3985.0,82.0,2025-02-19,FUEL,14.53,0.0
3986.0,23.0,2025-06-17,ELECTRONICS,218.06,0.0
3987.0,83.0,2025-06-17,ONLINE,74.82,0.0
3988.0,456.0,2025-06-10,ELECTRONICS,69.64,0.0
3989.0,131.0,2025-06-17,FUEL,139.33,0.0
3990.0,265.0,2025-12-14,RESTAURANT,48.43,0.0
3991.0,271.0,2025-07-04,ELECTRONICS,68.38,0.0
3992.0,140.0,2025-11-13,FUEL,34.44,0.0
3993.0,423.0,2025-06-23,RESTAURANT,17.88,0.0
3994.0,33.0,2025-06-22,ONLINE,67.51,0.0
3995.0,265.0,2025-08-23,ONLINE,48.0,0.0
3996.0,207.0,2025-03-27,GROCERY,42.65,0.0
3997.0,392.0,2025-12-15,TRAVEL,103.38,0.0
3998.0,99.0,2025-12-07,TRAVEL,174.61,0.0
3999.0,479.0,2025-03-05,TRAVEL,176.84,0.0
4000.0,397.0,2025-02-23,ONLINE,171.89,0.0
4001.0,371.0,2025-05-11,ONLINE,54.48,0.0
4002.0,248.0,2025-03-11,ELECTRONICS,95.7,0.0
4003.0,322.0,2025-01-28,GROCERY,65.18,0.0
4004.0,104.0,2025-10-23,FUEL,55.06,0.0
4005.0,5.0,2025-03-14,TRAVEL,58.02,0.0
4006.0,373.0,2025-05-15,RESTAURANT,39.5,0.0
4007.0,225.0,2025-12-27,GROCERY,121.74,0.0
4008.0,177.0,2025-05-26,GROCERY,210.22,0.0
4009.0,135.0,2025-01-15,GROCERY,63.9,0.0
4010.0,311.0,2025-03-30,TRAVEL,58.33,0.0
4011.0,257.0,2025-03-19,RESTAURANT,14.07,0.0
4012.0,338.0,2025-07-22,TRAVEL,153.6,0.0
4013.0,476.0,2025-06-05,GROCERY,10.6,0.0
4014.0,418.0,2025-01-29,RESTAURANT,107.06,0.0
4015.0,161.0,2025-04-17,GROCERY,50.54,0.0
4016.0,121.0,2025-06-20,FUEL,81.85,0.0
4017.0,81.0,2025-07-19,FUEL,111.62,0.0
4018.0,285.0,2025-06-02,GROCERY,106.67,0.0
4019.0,413.0,2025-12-28,ONLINE,193.1,0.0
4020.0,127.0,2025-06-29,ELECTRONICS,11.27,0.0
4021.0,496.0,2025-09-14,ELECTRONICS,177.41,0.0
4022.0,215.0,2025-07-28,GROCERY,115.15,0.0
4023.0,391.0,2025-05-29,ELECTRONICS,206.96,0.0
4024.0,150.0,2025-01-11,RESTAURANT,101.54,0.0
4025.0,70.0,2025-09-07,ELECTRONICS,26.24,0.0
4026.0,257.0,2025-11-10,TRAVEL,90.85,0.0
4027.0,276.0,2025-11-15,FUEL,150.4,0.0
4028.0,240.0,2025-10-17,FUEL,169.56,0.0
4029.0,203.0,2025-03-25,TRAVEL,93.29,0.0
4030.0,325.0,2025-06-14,FUEL,84.75,0.0
4031.0,317.0,2025-09-19,TRAVEL,113.72,0.0
4032.0,76.0,2025-09-25,FUEL,188.97,0.0
4033.0,335.0,2025-08-13,ELECTRONICS,68.81,0.0
4034.0,167.0,2025-01-18,TRAVEL,133.31,0.0
4035.0,404.0,2025-09-25,ELECTRONICS,301.71,0.0
4036.0,249.0,2025-07-26,FUEL,434.39,0.0
4037.0,121.0,2025-01-31,ONLINE,188.22,0.0
4038.0,91.0,2025-07-16,TRAVEL,82.75,0.0
4039.0,483.0,2025-09-25,ONLINE,33.81,0.0
4040.0,360.0,2025-12-08,ELECTRONICS,128.3,0.0
4041.0,108.0,2025-10-15,GROCERY,258.35,0.0
4042.0,251.0,2025-04-06,ELECTRONICS,93.43,0.0
4043.0,63.0,2025-09-08,GROCERY,203.32,0.0
4044.0,418.0,2025-09-04,ELECTRONICS,192.45,0.0
4045.0,415.0,2025-03-13,ONLINE,101.29,0.0
4046.0,402.0,2025-10-30,ELECTRONICS,180.79,0.0
4047.0,232.0,2025-02-28,TRAVEL,37.48,0.0
4048.0,83.0,2025-10-01,GROCERY,86.14,0.0
4049.0,246.0,2025-09-27,RESTAURANT,139.03,0.0
4050.0,256.0,2025-12-17,FUEL,99.46,0.0
4051.0,160.0,2025-08-25,FUEL,41.07,0.0
4052.0,189.0,2025-01-27,FUEL,180.92,0.0
4053.0,24.0,2025-12-26,FUEL,137.81,0.0
4054.0,262.0,2025-05-20,FUEL,114.6,0.0
4055.0,97.0,2025-06-15,ELECTRONICS,232.69,0.0
4056.0,421.0,2025-11-13,TRAVEL,183.51,0.0
4057.0,381.0,2025-03-25,TRAVEL,6.88,0.0
4058.0,302.0,2025-08-30,GROCERY,116.03,0.0
4059.0,113.0,2025-10-08,RESTAURANT,113.41,0.0
4060.0,334.0,2025-07-13,TRAVEL,76.96,0.0
4061.0,497.0,2025-10-01,ONLINE,11.37,0.0
4062.0,316.0,2025-09-18,ONLINE,52.67,0.0
4063.0,394.0,2025-07-10,ONLINE,8.32,0.0
4064.0,451.0,2025-02-03,ONLINE,370.78,0.0
4065.0,425.0,2025-09-30,ELECTRONICS,99.79,0.0
4066.0,82.0,2025-10-16,GROCERY,144.39,0.0
4067.0,437.0,2025-04-24,TRAVEL,40.47,0.0
4068.0,383.0,2025-10-26,RESTAURANT,13.06,0.0
4069.0,360.0,2025-03-20,GROCERY,72.62,0.0
4070.0,114.0,2025-03-04,FUEL,64.56,0.0
4071.0,234.0,2025-02-16,RESTAURANT,120.55,0.0
4072.0,452.0,2025-07-21,TRAVEL,75.27,0.0
4073.0,459.0,2025-04-17,ONLINE,424.28,0.0
4074.0,58.0,2025-09-11,TRAVEL,209.52,0.0
4075.0,214.0,2025-08-27,RESTAURANT,272.98,0.0
4076.0,304.0,2025-06-05,ONLINE,100.26,0.0
4077.0,48.0,2025-04-05,TRAVEL,118.87,0.0
4078.0,124.0,2025-12-01,FUEL,256.44,0.0
4079.0,299.0,2025-11-19,TRAVEL,70.6,0.0
4080.0,329.0,2025-05-07,GROCERY,139.12,0.0
4081.0,53.0,2025-04-02,RESTAURANT,75.28,0.0
4082.0,212.0,2025-10-21,TRAVEL,144.77,0.0
4083.0,328.0,2025-09-07,FUEL,29.78,0.0
4084.0,496.0,2025-06-16,ONLINE,61.97,0.0
4085.0,499.0,2025-07-12,GROCERY,120.77,0.0
4086.0,156.0,2025-09-22,RESTAURANT,131.51,0.0
4087.0,338.0,2025-03-19,ELECTRONICS,169.02,0.0
4088.0,277.0,2025-12-30,FUEL,35.63,0.0
4089.0,106.0,2025-07-23,ONLINE,117.29,0.0
4090.0,254.0,2025-02-16,ELECTRONICS,21.74,0.0
4091.0,69.0,2025-12-15,GROCERY,78.75,0.0
4092.0,61.0,2025-12-30,FUEL,102.8,0.0
4093.0,179.0,2025-12-11,GROCERY,91.38,0.0
4094.0,131.0,2025-09-12,ONLINE,296.53,0.0
4095.0,73.0,2025-04-17,GROCERY,103.54,0.0
4096.0,26.0,2025-07-13,RESTAURANT,152.54,0.0
4097.0,285.0,2025-07-15,GROCERY,121.07,0.0
4098.0,3.0,2025-07-05,TRAVEL,98.52,0.0
4099.0,392.0,2025-02-25,ONLINE,144.73,0.0
4100.0,37.0,2025-04-24,FUEL,113.17,0.0
4101.0,330.0,2025-06-21,ELECTRONICS,105.99,0.0
4102.0,75.0,2025-07-12,ELECTRONICS,84.57,0.0
4103.0,309.0,2025-04-28,GROCERY,70.58,0.0
4104.0,72.0,2025-09-24,ELECTRONICS,62.77,0.0
4105.0,218.0,2025-12-06,TRAVEL,106.15,1.0
4106.0,330.0,2025-06-20,ELECTRONICS,100.55,0.0
4107.0,87.0,2025-08-19,ELECTRONICS,251.3,0.0
4108.0,67.0,2025-03-12,ELECTRONICS,26.58,0.0
4109.0,319.0,2025-03-09,ONLINE,311.96,0.0
4110.0,321.0,2025-01-27,FUEL,36.59,0.0
4111.0,210.0,2025-12-29,RESTAURANT,97.64,0.0
4112.0,62.0,2025-04-21,GROCERY,132.51,0.0
4113.0,153.0,2025-09-11,RESTAURANT,44.52,0.0
4114.0,109.0,2025-08-16,TRAVEL,35.78,0.0
4115.0,330.0,2025-02-19,GROCERY,89.4,0.0
4116.0,151.0,2025-03-02,GROCERY,155.31,0.0
4117.0,190.0,2025-10-19,TRAVEL,185.23,0.0
4118.0,131.0,2025-10-18,FUEL,30.96,0.0
4119.0,85.0,2025-07-23,ELECTRONICS,86.52,0.0
4120.0,406.0,2025-05-06,ELECTRONICS,18.09,0.0
4121.0,242.0,2025-05-27,ONLINE,45.49,0.0
4122.0,286.0,2025-10-16,ELECTRONICS,221.25,0.0
4123.0,145.0,2025-03-13,TRAVEL,127.12,0.0
4124.0,44.0,2025-02-02,ELECTRONICS,49.04,0.0
4125.0,367.0,2025-04-12,ELECTRONICS,207.22,0.0
4126.0,362.0,2025-03-11,GROCERY,55.44,0.0
4127.0,24.0,2025-03-03,RESTAURANT,95.98,0.0
4128.0,444.0,2025-06-19,TRAVEL,14.15,0.0
4129.0,427.0,2025-10-21,GROCERY,49.2,0.0
4130.0,425.0,2025-09-10,TRAVEL,118.69,0.0
4131.0,231.0,2025-04-10,ELECTRONICS,114.58,0.0
4132.0,347.0,2025-06-04,TRAVEL,70.47,0.0
4133.0,8.0,2025-06-21,ONLINE,88.81,0.0
4134.0,300.0,2025-05-23,ELECTRONICS,163.57,0.0
4135.0,67.0,2025-12-20,FUEL,83.44,0.0
4136.0,455.0,2025-12-13,RESTAURANT,132.72,0.0
4137.0,473.0,2025-12-30,GROCERY,61.26,0.0
4138.0,76.0,2025-06-02,RESTAURANT,94.98,0.0
4139.0,269.0,2025-10-16,TRAVEL,12.93,0.0
4140.0,297.0,2025-09-26,ELECTRONICS,65.11,0.0
4141.0,385.0,2025-10-19,ELECTRONICS,103.39,0.0
4142.0,245.0,2025-02-28,TRAVEL,90.82,0.0
4143.0,442.0,2025-12-11,GROCERY,61.19,0.0
4144.0,173.0,2025-12-09,FUEL,40.68,0.0
4145.0,161.0,2025-10-18,ELECTRONICS,106.0,0.0
4146.0,365.0,2025-07-29,ELECTRONICS,88.46,0.0
4147.0,274.0,2025-06-14,FUEL,123.38,0.0
4148.0,41.0,2025-04-01,RESTAURANT,53.89,0.0
4149.0,326.0,2025-01-23,RESTAURANT,146.23,0.0
4150.0,140.0,2025-12-17,GROCERY,35.03,0.0
4151.0,421.0,2025-03-18,ELECTRONICS,23.84,0.0
4152.0,419.0,2025-05-05,ELECTRONICS,222.55,0.0
4153.0,211.0,2025-06-12,ELECTRONICS,37.13,0.0
4154.0,427.0,2025-09-04,ONLINE,106.69,0.0
4155.0,476.0,2025-04-07,ELECTRONICS,76.4,0.0
4156.0,365.0,2025-03-20,GROCERY,226.17,0.0
4157.0,304.0,2025-05-01,RESTAURANT,150.26,0.0
4158.0,467.0,2025-05-01,GROCERY,24.61,0.0
4159.0,437.0,2025-01-22,ONLINE,271.74,0.0
4160.0,240.0,2025-05-23,GROCERY,187.86,0.0
4161.0,42.0,2025-07-21,TRAVEL,69.14,0.0
4162.0,301.0,2025-06-13,RESTAURANT,34.68,0.0
4163.0,232.0,2025-05-09,GROCERY,112.22,0.0
4164.0,183.0,2025-12-01,GROCERY,116.87,0.0
4165.0,90.0,2025-04-05,ELECTRONICS,15.63,0.0
4166.0,359.0,2025-11-04,TRAVEL,106.43,0.0
4167.0,456.0,2025-08-11,ELECTRONICS,177.46,0.0
4168.0,299.0,2025-08-27,RESTAURANT,102.21,0.0
4169.0,118.0,2025-04-12,GROCERY,90.14,0.0
4170.0,1.0,2025-12-19,GROCERY,82.02,0.0
4171.0,357.0,2025-06-23,FUEL,48.5,0.0
4172.0,79.0,2025-07-05,GROCERY,202.38,0.0
4173.0,32.0,2025-03-31,ELECTRONICS,72.31,0.0
4174.0,99.0,2025-06-24,TRAVEL,112.15,0.0
4175.0,101.0,2025-09-06,ONLINE,28.64,0.0
4176.0,170.0,2025-12-08,RESTAURANT,87.71,0.0
4177.0,160.0,2025-11-08,GROCERY,137.3,0.0
4178.0,99.0,2025-02-27,FUEL,70.95,0.0
4179.0,391.0,2025-01-30,GROCERY,72.6,0.0
4180.0,414.0,2025-12-14,FUEL,94.81,0.0
4181.0,126.0,2025-10-27,ONLINE,133.44,0.0
4182.0,185.0,2025-02-25,TRAVEL,105.87,0.0
4183.0,409.0,2025-11-07,ELECTRONICS,338.64,0.0
4184.0,477.0,2025-10-06,TRAVEL,222.72,0.0
4185.0,395.0,2025-12-19,TRAVEL,60.36,0.0
4186.0,277.0,2025-02-28,ONLINE,194.91,0.0
4187.0,497.0,2025-10-30,RESTAURANT,15.31,0.0
4188.0,364.0,2025-05-14,RESTAURANT,76.08,0.0
4189.0,339.0,2025-07-21,FUEL,22.63,0.0
4190.0,15.0,2025-04-05,ELECTRONICS,144.12,0.0
4191.0,319.0,2025-01-26,FUEL,70.98,0.0
4192.0,144.0,2025-09-12,GROCERY,32.75,0.0
4193.0,301.0,2025-01-28,ELECTRONICS,165.51,0.0
4194.0,287.0,2025-06-19,RESTAURANT,37.17,0.0
4195.0,55.0,2025-03-13,ELECTRONICS,154.58,0.0
4196.0,231.0,2025-12-02,TRAVEL,114.76,0.0
4197.0,257.0,2025-06-13,ONLINE,81.68,0.0
4198.0,24.0,2025-03-09,ELECTRONICS,180.91,0.0
4199.0,426.0,2025-12-15,ELECTRONICS,43.97,0.0
4200.0,469.0,2025-09-09,ONLINE,18.19,0.0
4201.0,11.0,2025-03-06,ONLINE,35.06,0.0
4202.0,61.0,2025-05-10,GROCERY,335.78,0.0
4203.0,64.0,2025-07-16,ONLINE,49.02,0.0
4204.0,221.0,2025-10-11,RESTAURANT,67.83,0.0
4205.0,301.0,2025-12-31,GROCERY,256.63,0.0
4206.0,121.0,2025-11-03,ELECTRONICS,67.91,0.0
4207.0,424.0,2025-01-06,RESTAURANT,146.99,0.0
4208.0,156.0,2025-06-23,FUEL,276.28,0.0
4209.0,154.0,2025-01-18,GROCERY,130.61,0.0
4210.0,295.0,2025-04-21,TRAVEL,93.02,0.0
4211.0,436.0,2025-04-09,ELECTRONICS,169.26,0.0
4212.0,125.0,2025-04-08,ELECTRONICS,9.91,0.0
4213.0,169.0,2025-03-24,GROCERY,67.2,0.0
4214.0,170.0,2025-05-27,ELECTRONICS,225.25,0.0
4215.0,233.0,2025-07-01,TRAVEL,49.56,0.0
4216.0,215.0,2025-12-15,TRAVEL,105.49,0.0
4217.0,477.0,2025-06-03,ELECTRONICS,148.23,1.0
4218.0,74.0,2025-01-09,ONLINE,74.53,0.0
4219.0,209.0,2025-08-02,FUEL,149.6,0.0
4220.0,127.0,2025-04-20,GROCERY,115.33,0.0
4221.0,300.0,2025-02-23,FUEL,515.89,0.0
4222.0,391.0,2025-09-02,RESTAURANT,171.45,0.0
4223.0,468.0,2025-09-08,FUEL,115.41,0.0
4224.0,219.0,2025-05-08,ONLINE,12.98,0.0
4225.0,133.0,2025-03-20,GROCERY,53.18,0.0
4226.0,482.0,2025-06-28,ELECTRONICS,37.91,0.0
4227.0,46.0,2025-06-14,TRAVEL,251.99,0.0
4228.0,66.0,2025-12-20,RESTAURANT,33.57,0.0
4229.0,480.0,2025-01-13,FUEL,73.54,0.0
4230.0,444.0,2025-03-07,ELECTRONICS,125.49,0.0
4231.0,280.0,2025-10-19,ELECTRONICS,61.7,0.0
4232.0,165.0,2025-12-13,RESTAURANT,70.32,0.0
4233.0,483.0,2025-08-17,RESTAURANT,115.42,0.0
4234.0,480.0,2025-04-26,FUEL,49.54,0.0
4235.0,434.0,2025-03-18,TRAVEL,105.09,0.0
4236.0,386.0,2025-11-05,ONLINE,165.4,0.0
4237.0,298.0,2025-08-08,TRAVEL,56.32,0.0
4238.0,186.0,2025-05-29,TRAVEL,36.6,0.0
4239.0,236.0,2025-06-09,ONLINE,289.08,0.0
4240.0,272.0,2025-02-24,ELECTRONICS,291.86,0.0
4241.0,241.0,2025-10-29,TRAVEL,89.96,0.0
4242.0,431.0,2025-01-18,FUEL,102.72,0.0
4243.0,84.0,2025-12-26,GROCERY,102.03,0.0
4244.0,42.0,2025-03-03,FUEL,66.6,0.0
4245.0,227.0,2025-02-15,RESTAURANT,88.16,0.0
4246.0,104.0,2025-01-27,GROCERY,13.27,0.0
4247.0,411.0,2025-06-28,ONLINE,26.6,0.0
4248.0,425.0,2025-01-21,TRAVEL,70.66,0.0
4249.0,495.0,2025-04-05,ONLINE,56.77,0.0
4250.0,194.0,2025-10-19,GROCERY,30.67,0.0
4251.0,481.0,2025-10-01,RESTAURANT,87.93,0.0
4252.0,51.0,2025-05-06,TRAVEL,152.77,0.0
4253.0,482.0,2025-01-13,TRAVEL,49.61,0.0
4254.0,124.0,2025-02-27,GROCERY,115.46,0.0
4255.0,10.0,2025-07-18,TRAVEL,72.2,0.0
4256.0,413.0,2025-06-20,GROCERY,171.08,0.0
4257.0,258.0,2025-11-09,ONLINE,24.37,0.0
4258.0,207.0,2025-06-26,RESTAURANT,34.99,0.0
4259.0,101.0,2025-05-23,TRAVEL,68.81,0.0
4260.0,208.0,2025-08-17,ONLINE,42.35,0.0
4261.0,308.0,2025-11-02,ELECTRONICS,208.46,0.0
4262.0,72.0,2025-10-26,ONLINE,25.89,0.0
4263.0,473.0,2025-02-23,TRAVEL,66.86,0.0
4264.0,362.0,2025-06-02,RESTAURANT,332.76,0.0
4265.0,439.0,2025-12-02,FUEL,23.82,0.0
4266.0,23.0,2025-10-22,GROCERY,94.84,0.0
4267.0,434.0,2025-10-16,TRAVEL,73.33,0.0
4268.0,433.0,2025-02-12,RESTAURANT,128.28,0.0
4269.0,183.0,2025-05-23,ONLINE,118.9,0.0
4270.0,285.0,2025-10-31,ONLINE,113.3,0.0
4271.0,251.0,2025-02-17,FUEL,179.36,0.0
4272.0,414.0,2025-09-19,ELECTRONICS,176.14,0.0
4273.0,141.0,2025-07-09,TRAVEL,56.16,0.0
4274.0,460.0,2025-09-23,RESTAURANT,54.33,0.0
4275.0,277.0,2025-09-02,RESTAURANT,147.93,0.0
4276.0,1.0,2025-02-04,GROCERY,105.67,0.0
4277.0,152.0,2025-02-17,GROCERY,120.87,0.0
4278.0,72.0,2025-05-03,ONLINE,95.93,0.0
4279.0,405.0,2025-12-07,ONLINE,63.06,0.0
4280.0,205.0,2025-12-08,TRAVEL,142.56,0.0
4281.0,233.0,2025-10-06,ELECTRONICS,47.58,0.0
4282.0,176.0,2025-03-29,TRAVEL,337.59,0.0
4283.0,351.0,2025-12-14,ONLINE,316.03,0.0
4284.0,497.0,2025-09-19,ELECTRONICS,389.11,0.0
4285.0,437.0,2025-04-20,FUEL,110.96,0.0
4286.0,495.0,2025-09-17,FUEL,70.03,0.0
4287.0,150.0,2025-06-08,TRAVEL,242.55,0.0
4288.0,333.0,2025-06-24,ELECTRONICS,97.62,0.0
4289.0,312.0,2025-03-29,RESTAURANT,170.92,0.0
4290.0,152.0,2025-08-23,TRAVEL,170.08,0.0
4291.0,423.0,2025-04-10,FUEL,48.76,0.0
4292.0,460.0,2025-12-03,ONLINE,140.14,0.0
4293.0,476.0,2025-02-23,GROCERY,164.82,0.0
4294.0,494.0,2025-04-02,GROCERY,88.74,0.0
4295.0,82.0,2025-02-15,GROCERY,26.3,0.0
4296.0,74.0,2025-03-29,GROCERY,246.41,0.0
4297.0,341.0,2025-09-02,TRAVEL,332.58,0.0
4298.0,363.0,2025-12-12,RESTAURANT,102.44,0.0
4299.0,218.0,2025-02-27,TRAVEL,75.44,0.0
4300.0,82.0,2025-03-23,ELECTRONICS,21.71,0.0
4301.0,143.0,2025-02-18,ELECTRONICS,106.75,0.0
4302.0,65.0,2025-10-22,ELECTRONICS,66.06,0.0
4303.0,79.0,2025-07-15,GROCERY,21.61,0.0
4304.0,94.0,2025-05-13,ONLINE,181.13,0.0
4305.0,293.0,2025-09-14,GROCERY,145.59,0.0
4306.0,257.0,2025-01-31,FUEL,59.05,0.0
4307.0,168.0,2025-10-11,GROCERY,290.54,0.0
4308.0,272.0,2025-02-04,TRAVEL,91.95,0.0
4309.0,334.0,2025-07-31,TRAVEL,103.9,0.0
4310.0,49.0,2025-01-12,RESTAURANT,82.08,0.0
4311.0,141.0,2025-03-15,RESTAURANT,198.69,0.0
4312.0,101.0,2025-08-17,ONLINE,141.84,0.0
4313.0,1.0,2025-07-29,TRAVEL,13.12,0.0
4314.0,59.0,2025-06-13,ONLINE,97.23,0.0
4315.0,384.0,2025-08-17,GROCERY,168.97,0.0
4316.0,438.0,2025-11-02,GROCERY,21.67,0.0
4317.0,81.0,2025-04-05,GROCERY,167.71,0.0
4318.0,384.0,2025-12-21,TRAVEL,144.19,0.0
4319.0,127.0,2025-02-22,FUEL,41.24,0.0
4320.0,70.0,2025-12-24,TRAVEL,79.86,0.0
4321.0,118.0,2025-12-04,ONLINE,30.06,0.0
4322.0,460.0,2025-06-06,FUEL,59.76,0.0
4323.0,172.0,2025-02-05,FUEL,78.82,0.0
4324.0,371.0,2025-05-29,ONLINE,153.59,0.0
4325.0,243.0,2025-04-12,TRAVEL,175.77,0.0
4326.0,218.0,2025-07-31,ONLINE,114.44,0.0
4327.0,407.0,2025-03-26,TRAVEL,76.08,0.0
4328.0,496.0,2025-01-25,ONLINE,164.04,0.0
4329.0,326.0,2025-11-22,ELECTRONICS,104.19,0.0
4330.0,425.0,2025-11-13,GROCERY,124.05,0.0
4331.0,73.0,2025-07-03,GROCERY,181.94,0.0
4332.0,451.0,2025-11-07,TRAVEL,157.13,0.0
4333.0,92.0,2025-12-16,RESTAURANT,123.43,0.0
4334.0,96.0,2025-12-02,RESTAURANT,141.74,0.0
4335.0,424.0,2025-10-30,TRAVEL,58.78,0.0
4336.0,242.0,2025-01-17,ELECTRONICS,52.21,0.0
4337.0,125.0,2025-10-03,GROCERY,329.56,0.0
4338.0,14.0,2025-12-02,ONLINE,49.76,0.0
4339.0,110.0,2025-03-06,ONLINE,183.25,0.0
4340.0,413.0,2025-01-25,FUEL,75.21,0.0
4341.0,2.0,2025-05-06,ONLINE,152.79,0.0
4342.0,461.0,2025-10-28,GROCERY,11.51,0.0
4343.0,388.0,2025-10-27,TRAVEL,27.86,0.0
4344.0,103.0,2025-08-02,TRAVEL,190.72,0.0
4345.0,370.0,2025-12-25,RESTAURANT,19.3,0.0
4346.0,260.0,2025-03-01,ELECTRONICS,59.52,0.0
4347.0,174.0,2025-11-17,RESTAURANT,250.01,0.0
4348.0,253.0,2025-11-14,RESTAURANT,175.92,0.0
4349.0,4.0,2025-12-13,RESTAURANT,71.95,0.0
4350.0,441.0,2025-04-17,GROCERY,49.95,0.0
4351.0,393.0,2025-08-23,ELECTRONICS,276.11,0.0
4352.0,90.0,2025-04-11,ONLINE,53.83,0.0
4353.0,50.0,2025-06-26,FUEL,120.18,0.0
4354.0,212.0,2025-12-17,RESTAURANT,235.43,0.0
4355.0,231.0,2025-07-07,TRAVEL,135.75,0.0
4356.0,387.0,2025-10-08,RESTAURANT,235.84,0.0
4357.0,421.0,2025-06-17,TRAVEL,69.59,0.0
4358.0,32.0,2025-01-01,GROCERY,37.72,0.0
4359.0,123.0,2025-02-26,FUEL,157.31,0.0
4360.0,294.0,2025-09-03,ELECTRONICS,218.07,0.0
4361.0,190.0,2025-04-22,TRAVEL,141.95,0.0
4362.0,496.0,2025-04-24,ONLINE,43.94,0.0
4363.0,331.0,2025-02-02,ELECTRONICS,425.95,0.0
4364.0,162.0,2025-10-27,FUEL,30.12,0.0
4365.0,337.0,2025-02-02,FUEL,110.91,0.0
4366.0,216.0,2025-07-16,ELECTRONICS,234.71,0.0
4367.0,232.0,2025-04-24,TRAVEL,102.93,0.0
4368.0,358.0,2025-11-27,GROCERY,159.08,0.0
4369.0,217.0,2025-09-01,FUEL,17.71,0.0
4370.0,349.0,2025-01-25,FUEL,154.58,0.0
4371.0,210.0,2025-08-13,TRAVEL,41.62,0.0
4372.0,298.0,2025-03-02,ELECTRONICS,112.28,0.0
4373.0,244.0,2025-07-24,GROCERY,29.24,0.0
4374.0,287.0,2025-03-30,RESTAURANT,165.4,0.0
4375.0,174.0,2025-10-01,ELECTRONICS,140.29,0.0
4376.0,60.0,2025-06-22,RESTAURANT,111.23,0.0
4377.0,129.0,2025-06-04,FUEL,194.48,0.0
4378.0,179.0,2025-11-17,GROCERY,150.73,0.0
4379.0,159.0,2025-06-11,RESTAURANT,28.27,0.0
4380.0,211.0,2025-03-27,FUEL,190.67,0.0
4381.0,239.0,2025-07-09,ELECTRONICS,152.44,0.0
4382.0,126.0,2025-10-23,RESTAURANT,49.75,0.0
4383.0,192.0,2025-01-25,GROCERY,99.43,0.0
4384.0,142.0,2025-04-14,ONLINE,67.25,1.0
4385.0,293.0,2025-08-01,FUEL,358.58,0.0
4386.0,239.0,2025-03-30,RESTAURANT,37.07,0.0
4387.0,316.0,2025-10-01,ELECTRONICS,70.01,0.0
4388.0,216.0,2025-01-21,TRAVEL,94.11,0.0
4389.0,499.0,2025-04-07,FUEL,108.48,0.0
4390.0,243.0,2025-08-03,FUEL,71.99,0.0
4391.0,308.0,2025-11-09,RESTAURANT,106.24,0.0
4392.0,222.0,2025-05-09,GROCERY,142.27,0.0
4393.0,368.0,2025-04-08,RESTAURANT,54.27,0.0
4394.0,280.0,2025-12-05,FUEL,72.09,0.0
4395.0,50.0,2025-07-07,ELECTRONICS,307.49,0.0
4396.0,365.0,2025-03-15,RESTAURANT,193.71,0.0
4397.0,381.0,2025-11-16,TRAVEL,190.49,0.0
4398.0,202.0,2025-01-11,FUEL,26.93,0.0
4399.0,255.0,2025-09-27,ELECTRONICS,341.04,0.0
4400.0,6.0,2025-11-27,GROCERY,91.34,0.0
4401.0,434.0,2025-07-30,TRAVEL,205.61,0.0
4402.0,390.0,2025-11-30,FUEL,113.11,0.0
4403.0,486.0,2025-08-16,GROCERY,17.2,0.0
4404.0,300.0,2025-08-07,ELECTRONICS,75.06,0.0
4405.0,116.0,2025-02-09,TRAVEL,195.72,0.0
4406.0,145.0,2025-03-07,RESTAURANT,199.65,0.0
4407.0,465.0,2025-09-13,ONLINE,116.63,0.0
4408.0,22.0,2025-09-06,RESTAURANT,35.81,0.0
4409.0,336.0,2025-08-12,GROCERY,209.67,0.0
4410.0,35.0,2025-03-18,GROCERY,54.2,0.0
4411.0,370.0,2025-01-31,RESTAURANT,112.36,0.0
4412.0,291.0,2025-02-01,TRAVEL,148.65,0.0
4413.0,237.0,2025-02-15,ELECTRONICS,159.13,0.0
4414.0,351.0,2025-03-21,ONLINE,144.87,0.0
4415.0,178.0,2025-12-21,GROCERY,47.06,0.0
4416.0,287.0,2025-10-12,FUEL,69.55,0.0
4417.0,401.0,2025-03-07,ONLINE,45.87,0.0
4418.0,230.0,2025-04-23,GROCERY,168.1,0.0
4419.0,11.0,2025-11-23,RESTAURANT,152.0,0.0
4420.0,497.0,2025-06-14,FUEL,52.93,0.0
4421.0,271.0,2025-04-11,ONLINE,186.04,0.0
4422.0,215.0,2025-04-30,ONLINE,185.3,0.0
4423.0,37.0,2025-05-25,RESTAURANT,229.78,0.0
4424.0,46.0,2025-07-18,FUEL,148.2,0.0
4425.0,128.0,2025-07-22,ELECTRONICS,155.1,0.0
4426.0,462.0,2025-07-14,TRAVEL,73.78,0.0
4427.0,363.0,2025-08-17,RESTAURANT,88.73,0.0
4428.0,207.0,2025-04-19,ELECTRONICS,214.78,0.0
4429.0,378.0,2025-07-01,ONLINE,61.49,0.0
4430.0,196.0,2025-10-30,TRAVEL,48.97,0.0
4431.0,445.0,2025-05-08,GROCERY,156.23,0.0
4432.0,164.0,2025-12-25,FUEL,14.09,0.0
4433.0,358.0,2025-07-02,RESTAURANT,58.49,0.0
4434.0,219.0,2025-05-18,FUEL,235.86,0.0
4435.0,338.0,2025-09-13,GROCERY,268.44,0.0
4436.0,94.0,2025-05-23,ONLINE,200.04,0.0
4437.0,473.0,2025-05-25,ONLINE,108.58,0.0
4438.0,144.0,2025-05-17,RESTAURANT,49.26,0.0
4439.0,269.0,2025-07-19,RESTAURANT,28.36,0.0
4440.0,344.0,2025-01-16,TRAVEL,78.33,0.0
4441.0,327.0,2025-05-19,FUEL,28.87,0.0
4442.0,278.0,2025-10-08,TRAVEL,331.85,0.0
4443.0,435.0,2025-05-01,RESTAURANT,75.12,0.0
4444.0,485.0,2025-07-16,ELECTRONICS,82.66,0.0
4445.0,382.0,2025-04-20,ONLINE,177.83,0.0
4446.0,93.0,2025-12-10,GROCERY,23.96,0.0
4447.0,385.0,2025-03-23,GROCERY,84.48,0.0
4448.0,252.0,2025-10-11,ONLINE,101.86,0.0
4449.0,269.0,2025-10-05,FUEL,29.71,0.0
4450.0,471.0,2025-05-29,RESTAURANT,46.2,0.0
4451.0,264.0,2025-12-26,ELECTRONICS,62.51,0.0
4452.0,426.0,2025-12-27,ELECTRONICS,205.34,0.0
4453.0,325.0,2025-01-11,RESTAURANT,262.94,0.0
4454.0,44.0,2025-07-27,TRAVEL,142.26,0.0
4455.0,351.0,2025-03-13,GROCERY,96.08,0.0
4456.0,248.0,2025-12-31,GROCERY,236.32,0.0
4457.0,274.0,2025-12-18,ONLINE,186.81,0.0
4458.0,152.0,2025-06-04,RESTAURANT,399.14,0.0
4459.0,93.0,2025-05-05,GROCERY,19.79,1.0
4460.0,372.0,2025-10-26,GROCERY,104.54,0.0
4461.0,125.0,2025-05-22,RESTAURANT,65.41,0.0
4462.0,47.0,2025-09-24,ONLINE,23.67,0.0
4463.0,247.0,2025-08-30,GROCERY,105.39,0.0
4464.0,356.0,2025-04-14,RESTAURANT,372.67,0.0
4465.0,103.0,2025-05-09,RESTAURANT,39.14,0.0
4466.0,181.0,2025-12-07,GROCERY,496.97,0.0
4467.0,212.0,2025-06-29,ELECTRONICS,189.88,0.0
4468.0,462.0,2025-06-02,TRAVEL,242.75,0.0
4469.0,74.0,2025-11-25,GROCERY,241.54,0.0
4470.0,460.0,2025-07-28,GROCERY,142.84,0.0
4471.0,74.0,2025-07-26,RESTAURANT,-74.42,0.0
4472.0,290.0,2025-05-22,FUEL,28.68,0.0
4473.0,422.0,2025-09-01,TRAVEL,39.67,0.0
4474.0,453.0,2025-01-17,FUEL,156.66,0.0
4475.0,272.0,2025-03-21,TRAVEL,76.96,0.0
4476.0,247.0,2025-10-27,TRAVEL,44.22,0.0
4477.0,391.0,2025-04-06,ONLINE,125.82,0.0
4478.0,455.0,2025-12-26,FUEL,136.74,0.0
4479.0,6.0,2025-11-22,FUEL,178.4,0.0
4480.0,132.0,2025-05-20,ONLINE,53.03,0.0
4481.0,143.0,2025-12-01,ELECTRONICS,95.8,1.0
4482.0,417.0,2025-09-19,ELECTRONICS,54.38,0.0
4483.0,9.0,2025-10-22,TRAVEL,33.68,0.0
4484.0,63.0,2025-06-21,ONLINE,215.43,0.0
4485.0,2.0,2025-02-14,GROCERY,205.41,0.0
4486.0,477.0,2025-07-19,GROCERY,20.61,0.0
4487.0,17.0,2025-10-26,RESTAURANT,109.32,0.0
4488.0,133.0,2025-02-03,FUEL,237.26,1.0
4489.0,261.0,2025-01-08,ONLINE,182.81,0.0
4490.0,175.0,2025-10-27,GROCERY,48.0,0.0
4491.0,46.0,2025-08-06,FUEL,255.44,0.0
4492.0,207.0,2025-07-10,ONLINE,237.45,0.0
4493.0,400.0,2025-09-04,FUEL,133.35,0.0
4494.0,145.0,2025-09-07,ONLINE,85.0,0.0
4495.0,259.0,2025-06-05,ELECTRONICS,47.38,0.0
4496.0,235.0,2025-08-11,RESTAURANT,104.77,0.0
4497.0,123.0,2025-06-24,GROCERY,280.7,0.0
4498.0,2.0,2025-03-17,ONLINE,49.04,0.0
4499.0,420.0,2025-09-28,ELECTRONICS,297.66,0.0
4500.0,497.0,2025-05-18,GROCERY,176.63,0.0
4501.0,255.0,2025-11-23,ELECTRONICS,104.71,0.0
4502.0,416.0,2025-05-25,FUEL,238.9,0.0
4503.0,176.0,2025-03-11,GROCERY,102.33,0.0
4504.0,472.0,2025-10-30,ONLINE,90.33,0.0
4505.0,284.0,2025-02-20,TRAVEL,208.97,0.0
4506.0,401.0,2025-12-27,ONLINE,108.14,0.0
4507.0,337.0,2025-08-18,FUEL,102.56,0.0
4508.0,462.0,2025-06-25,RESTAURANT,64.1,0.0
4509.0,280.0,2025-03-26,RESTAURANT,88.87,0.0
4510.0,424.0,2025-03-15,GROCERY,322.03,0.0
4511.0,467.0,2025-03-12,GROCERY,7.3,0.0
4512.0,381.0,2025-11-01,FUEL,47.73,0.0
4513.0,177.0,2025-03-16,RESTAURANT,55.99,0.0
4514.0,46.0,2025-01-14,ELECTRONICS,96.32,0.0
4515.0,205.0,2025-03-13,ONLINE,84.34,0.0
4516.0,347.0,2025-08-11,RESTAURANT,121.26,0.0
4517.0,430.0,2025-06-24,ELECTRONICS,12.64,0.0
4518.0,385.0,2025-05-17,GROCERY,119.86,0.0
4519.0,319.0,2025-12-19,FUEL,320.36,0.0
4520.0,269.0,2025-05-06,GROCERY,108.05,0.0
4521.0,484.0,2025-10-30,ELECTRONICS,86.74,0.0
4522.0,122.0,2025-02-15,ONLINE,98.29,0.0
4523.0,397.0,2025-07-18,RESTAURANT,77.71,0.0
4524.0,276.0,2025-02-17,ONLINE,176.54,0.0
4525.0,257.0,2025-01-30,FUEL,134.57,0.0
4526.0,200.0,2025-09-06,TRAVEL,127.83,0.0
4527.0,318.0,2025-09-03,GROCERY,238.87,0.0
4528.0,500.0,2025-07-29,ELECTRONICS,177.85,0.0
4529.0,204.0,2025-06-14,ONLINE,7.32,0.0
4530.0,57.0,2025-04-09,TRAVEL,76.34,0.0
4531.0,64.0,2025-10-12,ELECTRONICS,31.95,0.0
4532.0,89.0,2025-03-11,GROCERY,54.32,0.0
4533.0,204.0,2025-06-30,ELECTRONICS,65.09,0.0
4534.0,3.0,2025-12-11,GROCERY,52.71,0.0
4535.0,141.0,2025-09-01,ONLINE,183.49,0.0
4536.0,348.0,2025-11-05,GROCERY,162.9,0.0
4537.0,340.0,2025-03-15,GROCERY,76.07,0.0
4538.0,335.0,2025-01-10,TRAVEL,158.56,0.0
4539.0,335.0,2025-11-01,TRAVEL,144.18,0.0
4540.0,38.0,2025-07-25,GROCERY,114.87,0.0
4541.0,469.0,2025-10-12,FUEL,93.62,0.0
4542.0,149.0,2025-11-04,FUEL,196.88,0.0
4543.0,40.0,2025-05-17,TRAVEL,102.46,0.0
4544.0,406.0,2025-02-10,FUEL,125.02,0.0
4545.0,234.0,2025-12-18,TRAVEL,118.78,0.0
4546.0,174.0,2025-04-22,TRAVEL,67.15,0.0
4547.0,200.0,2025-02-28,ELECTRONICS,64.09,1.0
4548.0,292.0,2025-07-28,ONLINE,88.78,0.0
4549.0,264.0,2025-01-08,GROCERY,181.22,0.0
4550.0,7.0,2025-01-22,FUEL,96.13,0.0
4551.0,60.0,2025-10-06,RESTAURANT,16.33,0.0
4552.0,474.0,2025-02-02,GROCERY,134.14,0.0
4553.0,246.0,2025-08-08,TRAVEL,69.68,0.0
4554.0,495.0,2025-06-15,TRAVEL,52.21,0.0
4555.0,329.0,2025-02-10,GROCERY,169.39,0.0
4556.0,369.0,2025-12-11,FUEL,168.55,0.0
4557.0,157.0,2025-02-28,TRAVEL,115.6,0.0
4558.0,419.0,2025-08-26,GROCERY,83.86,0.0
4559.0,326.0,2025-02-17,TRAVEL,72.08,0.0
4560.0,376.0,2025-08-04,FUEL,32.35,0.0
4561.0,133.0,2025-03-02,ONLINE,7.48,0.0
4562.0,294.0,2025-11-21,FUEL,76.28,0.0
4563.0,185.0,2025-06-18,RESTAURANT,77.64,0.0
4564.0,455.0,2025-01-04,FUEL,49.07,0.0
4565.0,454.0,2025-01-19,RESTAURANT,238.15,0.0
4566.0,177.0,2025-07-18,ONLINE,67.64,0.0
4567.0,13.0,2025-07-09,ELECTRONICS,114.57,0.0
4568.0,125.0,2025-05-01,ONLINE,132.49,0.0
4569.0,137.0,2025-08-09,RESTAURANT,145.89,0.0
4570.0,10.0,2025-10-18,ELECTRONICS,60.71,0.0
4571.0,468.0,2025-09-23,ONLINE,82.07,0.0
4572.0,234.0,2025-10-01,ELECTRONICS,106.22,0.0
4573.0,74.0,2025-12-12,ONLINE,61.02,0.0
4574.0,305.0,2025-03-17,FUEL,222.97,0.0
4575.0,199.0,2025-01-31,ONLINE,415.49,0.0
4576.0,88.0,2025-02-14,ELECTRONICS,129.78,0.0
4577.0,228.0,2025-01-13,TRAVEL,128.86,0.0
4578.0,300.0,2025-04-18,ONLINE,212.24,0.0
4579.0,327.0,2025-02-20,ELECTRONICS,181.98,0.0
4580.0,113.0,2025-12-03,TRAVEL,102.81,0.0
4581.0,306.0,2025-05-04,RESTAURANT,306.48,0.0
4582.0,397.0,2025-03-21,GROCERY,63.53,0.0
4583.0,314.0,2025-07-11,ONLINE,170.56,0.0
4584.0,476.0,2025-06-07,RESTAURANT,81.53,0.0
4585.0,471.0,2025-01-02,ONLINE,140.94,0.0
4586.0,248.0,2025-12-17,TRAVEL,75.18,0.0
4587.0,197.0,2025-09-10,FUEL,299.88,0.0
4588.0,229.0,2025-10-29,ELECTRONICS,219.38,0.0
4589.0,245.0,2025-12-16,ONLINE,135.81,0.0
4590.0,87.0,2025-11-20,ONLINE,184.06,1.0
4591.0,482.0,2025-04-02,RESTAURANT,49.29,0.0
4592.0,285.0,2025-10-06,TRAVEL,27.1,0.0
4593.0,65.0,2025-01-04,RESTAURANT,61.56,0.0
4594.0,452.0,2025-05-12,RESTAURANT,294.24,0.0
4595.0,475.0,2025-10-02,FUEL,74.95,0.0
4596.0,281.0,2025-09-13,FUEL,192.27,0.0
4597.0,475.0,2025-10-09,TRAVEL,87.44,0.0
4598.0,486.0,2025-10-04,ONLINE,91.71,0.0
4599.0,477.0,2025-01-16,ELECTRONICS,75.82,0.0
4600.0,482.0,2025-08-01,RESTAURANT,71.74,0.0
4601.0,34.0,2025-08-14,ELECTRONICS,182.8,0.0
4602.0,16.0,2025-02-26,RESTAURANT,72.67,0.0
4603.0,289.0,2025-03-30,GROCERY,71.05,0.0
4604.0,375.0,2025-06-27,TRAVEL,103.71,0.0
4605.0,420.0,2025-08-19,TRAVEL,82.22,0.0
4606.0,321.0,2025-11-07,ONLINE,52.98,0.0
4607.0,157.0,2025-09-23,ELECTRONICS,169.0,0.0
4608.0,467.0,2025-12-23,RESTAURANT,121.97,0.0
4609.0,296.0,2025-03-23,TRAVEL,68.94,0.0
4610.0,341.0,2025-05-24,ONLINE,53.12,0.0
4611.0,129.0,2025-04-06,TRAVEL,215.14,0.0
4612.0,380.0,2025-11-22,RESTAURANT,35.76,0.0
4613.0,65.0,2025-08-12,TRAVEL,153.8,0.0
4614.0,436.0,2025-07-05,TRAVEL,15.64,0.0
4615.0,427.0,2025-08-01,GROCERY,111.59,0.0
4616.0,342.0,2025-04-30,ONLINE,113.94,0.0
4617.0,491.0,2025-11-20,RESTAURANT,29.97,0.0
4618.0,456.0,2025-08-13,TRAVEL,32.43,0.0
4619.0,35.0,2025-07-06,FUEL,116.88,0.0
4620.0,111.0,2025-09-15,TRAVEL,31.49,0.0
4621.0,61.0,2025-10-19,ONLINE,246.38,0.0
4622.0,161.0,2025-05-25,GROCERY,69.66,0.0
4623.0,295.0,2025-09-25,GROCERY,275.36,0.0
4624.0,72.0,2025-10-19,GROCERY,236.29,0.0
4625.0,44.0,2025-08-31,ONLINE,94.55,0.0
4626.0,323.0,2025-02-12,TRAVEL,119.73,0.0
4627.0,316.0,2025-03-11,TRAVEL,206.43,0.0
4628.0,184.0,2025-01-12,ONLINE,41.53,0.0
4629.0,360.0,2025-04-11,ONLINE,74.85,0.0
4630.0,296.0,2025-03-02,FUEL,270.77,0.0
4631.0,208.0,2025-07-26,RESTAURANT,190.31,0.0
4632.0,35.0,2025-11-28,GROCERY,85.71,0.0
4633.0,379.0,2025-01-25,ELECTRONICS,120.5,0.0
4634.0,313.0,2025-04-14,FUEL,59.98,0.0
4635.0,57.0,2025-01-17,FUEL,80.07,0.0
4636.0,94.0,2025-01-31,ELECTRONICS,152.1,0.0
4637.0,151.0,2025-01-19,FUEL,80.28,0.0
4638.0,90.0,2025-08-10,ELECTRONICS,169.42,0.0
4639.0,404.0,2025-12-03,ONLINE,31.51,0.0
4640.0,467.0,2025-09-22,ONLINE,150.87,0.0
4641.0,45.0,2025-09-09,ONLINE,45.93,0.0
4642.0,120.0,2025-02-27,ONLINE,92.54,0.0
4643.0,143.0,2025-11-02,RESTAURANT,56.99,0.0
4644.0,496.0,2025-07-31,TRAVEL,151.16,0.0
4645.0,311.0,2025-12-18,FUEL,34.69,0.0
4646.0,478.0,2025-05-23,TRAVEL,170.83,0.0
4647.0,124.0,2025-09-13,ELECTRONICS,102.9,0.0
4648.0,34.0,2025-06-25,FUEL,86.55,0.0
4649.0,241.0,2025-07-08,ELECTRONICS,63.59,0.0
4650.0,409.0,2025-02-08,ONLINE,73.78,0.0
4651.0,419.0,2025-06-24,ONLINE,232.77,0.0
4652.0,237.0,2025-03-02,RESTAURANT,62.52,0.0
4653.0,135.0,2025-09-30,FUEL,233.92,0.0
4654.0,24.0,2025-09-16,ONLINE,285.14,0.0
4655.0,218.0,2025-11-13,RESTAURANT,85.04,0.0
4656.0,268.0,2025-06-18,GROCERY,27.08,0.0
4657.0,10.0,2025-10-30,GROCERY,196.28,0.0
4658.0,468.0,2025-11-21,TRAVEL,194.8,1.0
4659.0,355.0,2025-06-29,FUEL,236.18,0.0
4660.0,164.0,2025-12-12,ELECTRONICS,97.61,0.0
4661.0,178.0,2025-10-10,ELECTRONICS,129.35,0.0
4662.0,179.0,2025-04-16,ONLINE,73.04,0.0
4663.0,431.0,2025-06-23,ELECTRONICS,70.55,0.0
4664.0,362.0,2025-02-06,GROCERY,124.63,0.0
4665.0,45.0,2025-05-21,ELECTRONICS,207.7,0.0
4666.0,154.0,2025-05-12,ELECTRONICS,177.72,0.0
4667.0,392.0,2025-04-19,RESTAURANT,106.3,0.0
4668.0,179.0,2025-05-10,GROCERY,219.42,0.0
4669.0,407.0,2025-01-20,FUEL,35.49,0.0
4670.0,254.0,2025-06-15,GROCERY,442.32,0.0
4671.0,389.0,2025-03-15,ONLINE,39.07,0.0
4672.0,264.0,2025-03-25,TRAVEL,99.94,0.0
4673.0,368.0,2025-09-24,ONLINE,123.23,0.0
4674.0,216.0,2025-11-21,ELECTRONICS,126.63,0.0
4675.0,119.0,2025-03-04,GROCERY,204.99,0.0
4676.0,442.0,2025-07-24,GROCERY,51.96,0.0
4677.0,209.0,2025-11-25,ONLINE,132.72,0.0
4678.0,5.0,2025-08-10,FUEL,167.88,0.0
4679.0,193.0,2025-01-29,TRAVEL,224.97,0.0
4680.0,206.0,2025-10-10,GROCERY,84.33,0.0
4681.0,121.0,2025-01-19,FUEL,115.17,0.0
4682.0,439.0,2025-08-14,FUEL,104.02,0.0
4683.0,246.0,2025-06-25,ELECTRONICS,162.34,0.0
4684.0,186.0,2025-07-12,ELECTRONICS,163.08,0.0
4685.0,349.0,2025-03-23,FUEL,81.67,0.0
4686.0,320.0,2025-11-20,GROCERY,102.56,0.0
4687.0,240.0,2025-02-07,TRAVEL,108.23,0.0
4688.0,488.0,2025-12-09,ONLINE,45.01,0.0
4689.0,488.0,2025-01-22,RESTAURANT,137.96,0.0
4690.0,239.0,2025-04-21,GROCERY,134.21,0.0
4691.0,355.0,2025-07-12,ONLINE,45.42,0.0
4692.0,27.0,2025-07-08,FUEL,144.49,0.0
4693.0,222.0,2025-04-05,FUEL,482.84,0.0
4694.0,221.0,2025-04-16,ELECTRONICS,57.04,0.0
4695.0,202.0,2025-07-22,GROCERY,45.01,0.0
4696.0,421.0,2025-01-08,ELECTRONICS,166.43,0.0
4697.0,292.0,2025-02-24,ONLINE,81.27,0.0
4698.0,236.0,2025-05-25,TRAVEL,205.43,0.0
4699.0,216.0,2025-01-09,ELECTRONICS,99.0,0.0
4700.0,310.0,2025-02-01,GROCERY,66.6,0.0
4701.0,111.0,2025-01-10,GROCERY,97.8,0.0
4702.0,123.0,2025-10-26,FUEL,163.05,0.0
4703.0,261.0,2025-02-11,FUEL,159.24,0.0
4704.0,160.0,2025-03-09,GROCERY,32.04,0.0
4705.0,337.0,2025-10-18,ELECTRONICS,162.72,0.0
4706.0,451.0,2025-06-07,ELECTRONICS,110.54,0.0
4707.0,180.0,2025-06-13,FUEL,117.25,0.0
4708.0,289.0,2025-08-28,RESTAURANT,138.03,0.0
4709.0,142.0,2025-08-16,ELECTRONICS,44.29,0.0
4710.0,397.0,2025-05-31,GROCERY,30.82,0.0
4711.0,109.0,2025-11-16,FUEL,33.06,0.0
4712.0,262.0,2025-03-25,ELECTRONICS,197.0,0.0
4713.0,182.0,2025-03-19,ONLINE,195.9,0.0
4714.0,383.0,2025-07-07,RESTAURANT,10.43,0.0
4715.0,123.0,2025-11-15,RESTAURANT,102.39,0.0
4716.0,101.0,2025-11-24,GROCERY,71.45,0.0
4717.0,382.0,2025-09-30,GROCERY,49.25,0.0
4718.0,279.0,2025-01-02,RESTAURANT,223.22,0.0
4719.0,320.0,2025-09-24,GROCERY,253.02,0.0
4720.0,398.0,2025-03-01,ONLINE,121.32,0.0
4721.0,144.0,2025-11-14,ONLINE,68.09,0.0
4722.0,121.0,2025-02-11,ELECTRONICS,78.02,0.0
4723.0,496.0,2025-02-15,TRAVEL,42.44,0.0
4724.0,56.0,2025-07-08,FUEL,77.04,0.0
4725.0,323.0,2025-07-17,TRAVEL,54.79,0.0
4726.0,195.0,2025-05-04,ONLINE,242.17,0.0
4727.0,72.0,2025-06-26,FUEL,21.08,0.0
4728.0,477.0,2025-09-18,RESTAURANT,182.12,0.0
4729.0,415.0,2025-08-31,GROCERY,51.8,0.0
4730.0,112.0,2025-09-17,FUEL,161.72,0.0
4731.0,377.0,2025-03-28,TRAVEL,94.76,0.0
4732.0,384.0,2025-07-24,TRAVEL,184.06,0.0
4733.0,251.0,2025-02-16,FUEL,34.54,0.0
4734.0,479.0,2025-03-30,ONLINE,65.68,0.0
4735.0,117.0,2025-12-22,GROCERY,81.73,0.0
4736.0,37.0,2025-01-16,ELECTRONICS,109.74,0.0
4737.0,406.0,2025-06-19,ONLINE,108.55,0.0
4738.0,179.0,2025-06-29,TRAVEL,42.09,0.0
4739.0,63.0,2025-03-26,GROCERY,32.31,0.0
4740.0,485.0,2025-01-19,FUEL,85.61,0.0
4741.0,210.0,2025-02-16,FUEL,99.63,0.0
4742.0,433.0,2025-09-24,FUEL,82.08,0.0
4743.0,409.0,2025-08-05,ONLINE,21.02,0.0
4744.0,152.0,2025-07-23,ELECTRONICS,102.82,0.0
4745.0,401.0,2025-02-23,ONLINE,143.03,0.0
4746.0,235.0,2025-07-18,TRAVEL,121.17,0.0
4747.0,315.0,2025-03-08,TRAVEL,92.23,0.0
4748.0,144.0,2025-04-24,RESTAURANT,114.27,0.0
4749.0,4.0,2025-12-14,FUEL,56.46,0.0
4750.0,96.0,2025-06-13,GROCERY,223.36,0.0
4751.0,167.0,2025-01-11,TRAVEL,70.36,0.0
4752.0,274.0,2025-08-05,RESTAURANT,146.16,0.0
4753.0,427.0,2025-03-10,ONLINE,89.51,0.0
4754.0,89.0,2025-01-02,GROCERY,189.5,0.0
4755.0,361.0,2025-09-02,GROCERY,69.11,0.0
4756.0,375.0,2025-08-20,ELECTRONICS,190.64,0.0
4757.0,406.0,2025-03-21,GROCERY,242.48,0.0
4758.0,408.0,2025-09-28,GROCERY,52.83,0.0
4759.0,32.0,2025-03-08,TRAVEL,177.13,0.0
4760.0,109.0,2025-07-03,RESTAURANT,278.49,0.0
4761.0,471.0,2025-07-23,TRAVEL,127.94,0.0
4762.0,317.0,2025-02-11,FUEL,213.72,0.0
4763.0,115.0,2025-09-12,GROCERY,246.11,0.0
4764.0,499.0,2025-07-03,GROCERY,194.56,0.0
4765.0,167.0,2025-06-07,GROCERY,57.58,0.0
4766.0,145.0,2025-09-27,ONLINE,140.33,0.0
4767.0,421.0,2025-10-13,ELECTRONICS,152.45,0.0
4768.0,481.0,2025-06-30,GROCERY,18.26,0.0
4769.0,204.0,2025-10-25,ONLINE,95.02,0.0
4770.0,323.0,2025-01-20,RESTAURANT,114.75,0.0
4771.0,322.0,2025-08-16,ONLINE,144.82,0.0
4772.0,113.0,2025-04-12,ONLINE,45.85,0.0
4773.0,277.0,2025-07-30,TRAVEL,89.49,0.0
4774.0,28.0,2025-08-17,ONLINE,121.15,0.0
4775.0,434.0,2025-10-25,GROCERY,76.04,0.0
4776.0,415.0,2025-07-23,RESTAURANT,17.8,0.0
4777.0,79.0,2025-01-06,ELECTRONICS,230.28,0.0
4778.0,305.0,2025-12-24,ELECTRONICS,343.55,0.0
4779.0,49.0,2025-07-06,GROCERY,132.8,0.0
4780.0,44.0,2025-02-14,GROCERY,134.55,0.0
4781.0,317.0,2025-02-16,FUEL,100.27,0.0
4782.0,399.0,2025-01-12,TRAVEL,32.72,0.0
4783.0,423.0,2025-03-22,ONLINE,23.58,0.0
4784.0,166.0,2025-04-08,ONLINE,218.67,0.0
4785.0,462.0,2025-12-13,RESTAURANT,319.52,0.0
4786.0,270.0,2025-10-24,TRAVEL,141.96,0.0
4787.0,200.0,2025-01-02,FUEL,75.3,0.0
4788.0,173.0,2025-05-04,TRAVEL,89.45,0.0
4789.0,368.0,2025-04-23,FUEL,156.38,0.0
4790.0,186.0,2025-06-14,TRAVEL,211.16,0.0
4791.0,196.0,2025-02-26,ELECTRONICS,101.66,0.0
4792.0,194.0,2025-04-08,FUEL,80.47,0.0
4793.0,160.0,2025-07-28,ONLINE,45.21,0.0
4794.0,199.0,2025-07-09,GROCERY,68.76,0.0
4795.0,13.0,2025-11-05,TRAVEL,149.85,0.0
4796.0,438.0,2025-12-04,ONLINE,126.8,0.0
4797.0,126.0,2025-05-23,ONLINE,119.29,0.0
4798.0,224.0,2025-10-25,GROCERY,46.71,0.0
4799.0,86.0,2025-11-02,GROCERY,86.01,0.0
4800.0,269.0,2025-05-07,ONLINE,178.74,0.0
4801.0,135.0,2025-06-10,RESTAURANT,264.19,0.0
4802.0,85.0,2025-08-17,RESTAURANT,172.68,0.0
4803.0,145.0,2025-11-28,ONLINE,210.62,0.0
4804.0,453.0,2025-10-10,ELECTRONICS,18.35,0.0
4805.0,430.0,2025-11-06,TRAVEL,235.15,0.0
4806.0,395.0,2025-10-17,FUEL,140.58,0.0
4807.0,102.0,2025-03-07,ELECTRONICS,120.14,0.0
4808.0,325.0,2025-03-20,ELECTRONICS,128.96,0.0
4809.0,410.0,2025-11-20,ELECTRONICS,298.4,0.0
4810.0,325.0,2025-06-13,GROCERY,72.96,0.0
4811.0,430.0,2025-03-12,GROCERY,129.06,0.0
4812.0,101.0,2025-04-19,ELECTRONICS,94.06,0.0
4813.0,232.0,2025-06-28,TRAVEL,48.99,0.0
4814.0,166.0,2025-07-22,TRAVEL,27.32,0.0
4815.0,363.0,2025-03-13,RESTAURANT,48.3,0.0
4816.0,64.0,2025-04-02,ONLINE,59.35,0.0
4817.0,160.0,2025-05-22,GROCERY,97.23,0.0
4818.0,352.0,2025-03-20,ONLINE,210.62,0.0
4819.0,9.0,2025-12-26,GROCERY,48.43,0.0
4820.0,128.0,2025-01-08,RESTAURANT,58.48,0.0
4821.0,355.0,2025-10-07,ELECTRONICS,294.32,0.0
4822.0,120.0,2025-04-17,GROCERY,74.82,0.0
4823.0,304.0,2025-07-22,GROCERY,64.52,0.0
4824.0,201.0,2025-04-23,RESTAURANT,66.52,0.0
4825.0,231.0,2025-12-08,TRAVEL,113.32,0.0
4826.0,180.0,2025-12-22,TRAVEL,98.07,0.0
4827.0,450.0,2025-05-12,RESTAURANT,60.81,0.0
4828.0,361.0,2025-01-11,TRAVEL,78.2,0.0
4829.0,364.0,2025-03-05,GROCERY,182.56,0.0
4830.0,396.0,2025-09-19,ELECTRONICS,124.21,0.0
4831.0,213.0,2025-10-30,FUEL,247.91,0.0
4832.0,52.0,2025-01-15,RESTAURANT,-84.59,0.0
4833.0,27.0,2025-01-05,FUEL,182.08,0.0
4834.0,242.0,2025-06-29,ELECTRONICS,186.43,0.0
4835.0,439.0,2025-10-21,RESTAURANT,57.8,0.0
4836.0,242.0,2025-10-07,GROCERY,136.06,0.0
4837.0,493.0,2025-01-08,TRAVEL,107.57,0.0
4838.0,262.0,2025-12-27,ELECTRONICS,19.52,0.0
4839.0,318.0,2025-04-14,ELECTRONICS,28.79,0.0
4840.0,39.0,2025-03-25,FUEL,116.46,0.0
4841.0,385.0,2025-05-10,FUEL,21.27,0.0
4842.0,445.0,2025-10-04,TRAVEL,16.49,0.0
4843.0,254.0,2025-04-27,ONLINE,105.67,0.0
4844.0,453.0,2025-08-25,RESTAURANT,9.3,0.0
4845.0,119.0,2025-03-30,RESTAURANT,42.0,0.0
4846.0,245.0,2025-02-13,FUEL,105.32,0.0
4847.0,457.0,2025-02-09,ONLINE,92.42,0.0
4848.0,302.0,2025-06-10,RESTAURANT,92.38,0.0
4849.0,345.0,2025-01-02,TRAVEL,154.46,0.0
4850.0,202.0,2025-07-24,ONLINE,200.59,0.0
4851.0,275.0,2025-10-10,RESTAURANT,214.6,0.0
4852.0,186.0,2025-07-25,GROCERY,311.43,0.0
4853.0,342.0,2025-06-16,FUEL,10.77,0.0
4854.0,28.0,2025-03-04,RESTAURANT,54.46,0.0
4855.0,256.0,2025-03-01,RESTAURANT,39.52,0.0
4856.0,465.0,2025-02-12,ELECTRONICS,317.91,0.0
4857.0,30.0,2025-01-30,FUEL,107.0,0.0
4858.0,226.0,2025-07-25,GROCERY,95.95,0.0
4859.0,331.0,2025-04-12,FUEL,71.45,0.0
4860.0,43.0,2025-08-30,TRAVEL,68.38,0.0
4861.0,3.0,2025-05-10,FUEL,68.04,0.0
4862.0,83.0,2025-04-28,RESTAURANT,72.84,0.0
4863.0,111.0,2025-06-18,ONLINE,67.18,0.0
4864.0,440.0,2025-05-13,FUEL,269.75,1.0
4865.0,78.0,2025-02-06,TRAVEL,389.04,0.0
4866.0,321.0,2025-01-10,GROCERY,373.9,0.0
4867.0,171.0,2025-12-24,FUEL,18.62,0.0
4868.0,268.0,2025-02-09,GROCERY,60.12,0.0
4869.0,455.0,2025-04-09,FUEL,14.04,0.0
4870.0,430.0,2025-05-29,RESTAURANT,382.79,0.0
4871.0,40.0,2025-06-11,GROCERY,133.13,0.0
4872.0,45.0,2025-10-01,FUEL,178.72,0.0
4873.0,179.0,2025-09-16,ELECTRONICS,90.13,0.0
4874.0,405.0,2025-08-10,GROCERY,96.26,0.0
4875.0,380.0,2025-04-24,ELECTRONICS,230.31,0.0
4876.0,310.0,2025-12-14,RESTAURANT,106.22,0.0
4877.0,432.0,2025-01-31,FUEL,109.57,0.0
4878.0,92.0,2025-04-24,TRAVEL,168.29,0.0
4879.0,369.0,2025-05-18,GROCERY,154.32,0.0
4880.0,485.0,2025-05-08,ELECTRONICS,103.48,0.0
4881.0,483.0,2025-07-21,ONLINE,70.0,0.0
4882.0,356.0,2025-01-19,TRAVEL,65.73,0.0
4883.0,348.0,2025-11-04,RESTAURANT,216.87,0.0
4884.0,112.0,2025-02-28,FUEL,111.36,0.0
4885.0,373.0,2025-05-15,TRAVEL,53.43,0.0
4886.0,124.0,2025-08-01,FUEL,192.91,0.0
4887.0,212.0,2025-11-21,GROCERY,102.02,0.0
4888.0,59.0,2025-07-23,ELECTRONICS,17.83,0.0
4889.0,152.0,2025-07-19,FUEL,56.22,0.0
4890.0,38.0,2025-04-01,RESTAURANT,102.28,0.0
4891.0,231.0,2025-09-19,ONLINE,22.48,0.0
4892.0,37.0,2025-07-24,TRAVEL,128.4,0.0
4893.0,384.0,2025-01-12,RESTAURANT,144.96,0.0
4894.0,328.0,2025-06-03,RESTAURANT,205.07,0.0
4895.0,326.0,2025-11-23,RESTAURANT,119.13,0.0
4896.0,352.0,2025-11-10,FUEL,58.91,0.0
4897.0,386.0,2025-03-19,RESTAURANT,18.5,0.0
4898.0,338.0,2025-09-28,GROCERY,17.57,0.0
4899.0,314.0,2025-04-29,RESTAURANT,88.5,0.0
4900.0,92.0,2025-10-05,GROCERY,88.45,0.0
4901.0,367.0,2025-07-11,RESTAURANT,21.6,0.0
4902.0,244.0,2025-04-28,FUEL,126.0,0.0
4903.0,78.0,2025-12-17,GROCERY,70.92,0.0
4904.0,241.0,2025-03-30,GROCERY,42.99,0.0
4905.0,162.0,2025-05-07,RESTAURANT,32.77,0.0
4906.0,100.0,2025-12-07,RESTAURANT,271.41,0.0
4907.0,281.0,2025-03-22,GROCERY,15.37,0.0
4908.0,448.0,2025-03-14,TRAVEL,321.96,0.0
4909.0,9.0,2025-12-17,FUEL,45.36,0.0
4910.0,68.0,2025-06-26,ONLINE,342.36,0.0
4911.0,457.0,2025-10-23,ONLINE,19.61,0.0
4912.0,346.0,2025-02-02,GROCERY,134.69,0.0
4913.0,120.0,2025-08-31,FUEL,236.74,0.0
4914.0,185.0,2025-02-07,ONLINE,240.35,0.0
4915.0,45.0,2025-05-30,RESTAURANT,134.18,0.0
4916.0,422.0,2025-03-16,ONLINE,120.44,0.0
4917.0,333.0,2025-06-03,GROCERY,25.21,0.0
4918.0,117.0,2025-05-23,FUEL,193.77,0.0
4919.0,97.0,2025-12-13,TRAVEL,220.93,0.0
4920.0,346.0,2025-08-30,GROCERY,104.02,0.0
4921.0,281.0,2025-01-26,TRAVEL,117.18,0.0
4922.0,375.0,2025-06-27,RESTAURANT,516.69,0.0
4923.0,125.0,2025-10-04,RESTAURANT,27.96,0.0
4924.0,498.0,2025-06-29,TRAVEL,137.06,0.0
4925.0,83.0,2025-08-08,FUEL,190.38,0.0
4926.0,90.0,2025-07-07,TRAVEL,17.13,0.0
4927.0,368.0,2025-12-20,GROCERY,19.1,0.0
4928.0,283.0,2025-08-28,TRAVEL,53.3,0.0
4929.0,195.0,2025-07-23,RESTAURANT,57.3,0.0
4930.0,369.0,2025-12-10,GROCERY,49.9,0.0
4931.0,288.0,2025-04-13,GROCERY,59.18,0.0
4932.0,202.0,2025-10-03,GROCERY,60.62,0.0
4933.0,109.0,2025-10-12,RESTAURANT,102.78,0.0
4934.0,359.0,2025-05-16,ELECTRONICS,44.14,0.0
4935.0,277.0,2025-12-26,ONLINE,80.42,0.0
4936.0,448.0,2025-04-18,GROCERY,98.75,0.0
4937.0,211.0,2025-11-28,GROCERY,71.4,0.0
4938.0,133.0,2025-01-07,GROCERY,136.84,0.0
4939.0,26.0,2025-04-18,GROCERY,260.9,0.0
4940.0,136.0,2025-04-22,ONLINE,26.87,0.0
4941.0,364.0,2025-05-07,FUEL,40.85,0.0
4942.0,144.0,2025-06-09,RESTAURANT,172.68,0.0
4943.0,277.0,2025-10-03,RESTAURANT,124.19,0.0
4944.0,108.0,2025-06-06,ONLINE,182.55,0.0
4945.0,464.0,2025-08-07,RESTAURANT,164.61,0.0
4946.0,451.0,2025-02-11,FUEL,58.62,0.0
4947.0,404.0,2025-01-05,FUEL,274.73,0.0
4948.0,367.0,2025-05-24,ELECTRONICS,279.36,0.0
4949.0,286.0,2025-02-21,GROCERY,42.11,0.0
4950.0,5.0,2025-02-09,RESTAURANT,249.44,0.0
4951.0,22.0,2025-02-01,ELECTRONICS,267.71,0.0
4952.0,222.0,2025-04-10,FUEL,335.22,0.0
4953.0,376.0,2025-03-07,FUEL,167.06,0.0
4954.0,66.0,2025-02-22,RESTAURANT,76.54,0.0
4955.0,275.0,2025-04-22,RESTAURANT,55.26,0.0
4956.0,478.0,2025-04-03,FUEL,76.57,0.0
4957.0,418.0,2025-12-20,RESTAURANT,31.05,0.0
4958.0,276.0,2025-08-22,RESTAURANT,139.04,0.0
4959.0,289.0,2025-09-04,RESTAURANT,87.94,0.0
4960.0,32.0,2025-09-08,GROCERY,25.42,0.0
4961.0,2.0,2025-01-20,FUEL,56.35,0.0
4962.0,158.0,2025-06-30,ELECTRONICS,235.41,0.0
4963.0,408.0,2025-08-10,GROCERY,140.99,0.0
4964.0,3.0,2025-12-09,RESTAURANT,50.79,0.0
4965.0,400.0,2025-06-09,FUEL,329.33,0.0
4966.0,129.0,2025-04-10,GROCERY,127.22,0.0
4967.0,50.0,2025-10-03,TRAVEL,34.51,0.0
4968.0,48.0,2025-03-09,ELECTRONICS,76.9,0.0
4969.0,342.0,2025-11-19,FUEL,23.62,0.0
4970.0,23.0,2025-05-11,ELECTRONICS,274.41,0.0
4971.0,264.0,2025-01-24,ELECTRONICS,186.87,0.0
4972.0,468.0,2025-05-09,FUEL,52.79,0.0
4973.0,295.0,2025-12-24,TRAVEL,13.01,0.0
4974.0,168.0,2025-06-07,ELECTRONICS,184.68,0.0
4975.0,445.0,2025-01-22,RESTAURANT,124.12,0.0
4976.0,37.0,2025-05-17,ONLINE,246.27,0.0
4977.0,125.0,2025-09-25,ONLINE,7.93,0.0
4978.0,86.0,2025-01-20,ONLINE,171.86,0.0
4979.0,7.0,2025-11-26,ONLINE,95.85,0.0
4980.0,478.0,2025-10-02,FUEL,424.77,0.0
4981.0,105.0,2025-10-02,GROCERY,31.86,0.0
4982.0,37.0,2025-10-02,RESTAURANT,199.17,0.0
4983.0,458.0,2025-02-25,ONLINE,175.01,0.0
4984.0,482.0,2025-10-20,ONLINE,24.97,0.0
4985.0,106.0,2025-03-17,FUEL,79.7,0.0
4986.0,201.0,2025-02-26,RESTAURANT,157.88,0.0
4987.0,338.0,2025-01-16,ELECTRONICS,53.01,0.0
4988.0,214.0,2025-02-22,GROCERY,54.44,0.0
4989.0,395.0,2025-02-17,FUEL,216.06,0.0
4990.0,125.0,2025-11-19,TRAVEL,360.53,0.0
4991.0,407.0,2025-01-23,ONLINE,202.87,0.0
4992.0,280.0,2025-08-25,GROCERY,27.27,0.0
4993.0,6.0,2025-01-20,TRAVEL,2.6,0.0
4994.0,311.0,2025-12-17,RESTAURANT,36.64,0.0
4995.0,5.0,2025-07-25,GROCERY,170.62,0.0
4996.0,424.0,2025-07-07,TRAVEL,186.02,0.0
4997.0,495.0,2025-01-28,ONLINE,73.33,0.0
4998.0,78.0,2025-11-13,GROCERY,36.07,0.0
4999.0,264.0,2025-06-05,ONLINE,79.13,0.0
5000.0,169.0,2025-02-21,RESTAURANT,16.68,0.0
